id,title,description,availability,condition,price,link,image_link,brand,quantity_to_sell_on_facebook,size,item_group_id
112894034,Righteous Runsie- Supernova,"The perfect one-and-done running outfit, this easy romper features a slim-fitting top with a cooling cutout at the center paired with airy retro-style shorts.",in stock,new,98 USD,righteous-runs-supernova,https://cdn.shoplightspeed.com/shops/651012/files/70511179/screenshot-2025-05-29-at-112929am.png,"{'resource': {'id': 3047041, 'url': 'brands/3047041', 'link': 'https://api.shoplightspeed.com/us/brands/3047041.json'}}",1,XS,67175783
112894013,Righteous Runsie- Supernova,"The perfect one-and-done running outfit, this easy romper features a slim-fitting top with a cooling cutout at the center paired with airy retro-style shorts.",in stock,new,98 USD,righteous-runs-supernova,https://cdn.shoplightspeed.com/shops/651012/files/70511179/screenshot-2025-05-29-at-112929am.png,"{'resource': {'id': 3047041, 'url': 'brands/3047041', 'link': 'https://api.shoplightspeed.com/us/brands/3047041.json'}}",2,S,67175783
112893991,Righteous Runsie- Supernova,"The perfect one-and-done running outfit, this easy romper features a slim-fitting top with a cooling cutout at the center paired with airy retro-style shorts.",in stock,new,98 USD,righteous-runs-supernova,https://cdn.shoplightspeed.com/shops/651012/files/70511179/screenshot-2025-05-29-at-112929am.png,"{'resource': {'id': 3047041, 'url': 'brands/3047041', 'link': 'https://api.shoplightspeed.com/us/brands/3047041.json'}}",1,M,67175783
112893920,All Clear V Neck Cami- White,"So essential, this cami is an easy layer featuring a soft and light fabrication that offers barely-there coverage, with a flattering V-neckline and racerback for effortless cool.",in stock,new,30 USD,all-clear-v-neck-cami-white,https://cdn.shoplightspeed.com/shops/651012/files/70511128/screenshot-2025-05-29-at-112725am.png,"{'resource': {'id': 3047041, 'url': 'brands/3047041', 'link': 'https://api.shoplightspeed.com/us/brands/3047041.json'}}",2,XS/S,67175747
112893906,All Clear V Neck Cami- White,"So essential, this cami is an easy layer featuring a soft and light fabrication that offers barely-there coverage, with a flattering V-neckline and racerback for effortless cool.",in stock,new,30 USD,all-clear-v-neck-cami-white,https://cdn.shoplightspeed.com/shops/651012/files/70511128/screenshot-2025-05-29-at-112725am.png,"{'resource': {'id': 3047041, 'url': 'brands/3047041', 'link': 'https://api.shoplightspeed.com/us/brands/3047041.json'}}",2,M/L,67175747
112874576,Oyster Pearl Bag Charm,"A little bit salty, a little bit chic. This Oyster Pearl Bag Charm keychain brings beach-town vibes wherever you clip it.",in stock,new,26 USD,oyster-pearl-bag-charm,https://cdn.shoplightspeed.com/shops/651012/files/70495159/screenshot-2025-05-28-at-12710pm.png,"{'resource': {'id': 3787135, 'url': 'brands/3787135', 'link': 'https://api.shoplightspeed.com/us/brands/3787135.json'}}",4,One size,67163172
112874360,Freshwater Fish Bag Charm,Bring the freshwater lake aesthetic everywhere with the Freshwater Fish Bag Charm keychain!,in stock,new,25 USD,freshwater-fish-bag-charm,https://cdn.shoplightspeed.com/shops/651012/files/70494817/screenshot-2025-05-28-at-12411pm.png,"{'resource': {'id': 3787135, 'url': 'brands/3787135', 'link': 'https://api.shoplightspeed.com/us/brands/3787135.json'}}",4,One size,67162975
112874297,Marblehead Bag Charm,"Add a clean, timeless touch to your beach bag or boat keys with this Marblehead Bag Charm keychain.",in stock,new,25 USD,custom-city-bag-charm,https://cdn.shoplightspeed.com/shops/651012/files/70494717/screenshot-2025-05-28-at-12040pm.png,"{'resource': {'id': 3787135, 'url': 'brands/3787135', 'link': 'https://api.shoplightspeed.com/us/brands/3787135.json'}}",9,One size,67162917
112795154,Revolver Jade Racerback Bra- Black,"Full coverage bra with extra support in black
Colourblocked with tan, navy and cream piping
Scooped T bar back with printed arrow logo
Internal underbust elastic and removable cups
Recycled textured rib fabrication with moisture wicking properties",in stock,new,89.99 USD,revolver-jade-racerback-bra-black,https://cdn.shoplightspeed.com/shops/651012/files/70424326/screenshot-2025-04-17-at-91339am.png,"{'resource': {'id': 3679981, 'url': 'brands/3679981', 'link': 'https://api.shoplightspeed.com/us/brands/3679981.json'}}",0,L,67116037
112795153,Revolver Jade Racerback Bra- Black,"Full coverage bra with extra support in black
Colourblocked with tan, navy and cream piping
Scooped T bar back with printed arrow logo
Internal underbust elastic and removable cups
Recycled textured rib fabrication with moisture wicking properties",in stock,new,89.99 USD,revolver-jade-racerback-bra-black,https://cdn.shoplightspeed.com/shops/651012/files/70424326/screenshot-2025-04-17-at-91339am.png,"{'resource': {'id': 3679981, 'url': 'brands/3679981', 'link': 'https://api.shoplightspeed.com/us/brands/3679981.json'}}",1,M,67116037
112795152,Revolver Jade Racerback Bra- Black,"Full coverage bra with extra support in black
Colourblocked with tan, navy and cream piping
Scooped T bar back with printed arrow logo
Internal underbust elastic and removable cups
Recycled textured rib fabrication with moisture wicking properties",in stock,new,89.99 USD,revolver-jade-racerback-bra-black,https://cdn.shoplightspeed.com/shops/651012/files/70424326/screenshot-2025-04-17-at-91339am.png,"{'resource': {'id': 3679981, 'url': 'brands/3679981', 'link': 'https://api.shoplightspeed.com/us/brands/3679981.json'}}",2,S,67116037
112795151,Revolver 25IN Midi Pant- Black,"Made to go fast, THE UPSIDE'S Revolver Midi Pant is designed to perform.",in stock,new,119.99 USD,revolver-25in-midi-pant-black,https://cdn.shoplightspeed.com/shops/651012/files/70424320/screenshot-2025-04-17-at-90853am.png,"{'resource': {'id': 3679981, 'url': 'brands/3679981', 'link': 'https://api.shoplightspeed.com/us/brands/3679981.json'}}",0,L,67116036
112795150,Revolver 25IN Midi Pant- Black,"Made to go fast, THE UPSIDE'S Revolver Midi Pant is designed to perform.",in stock,new,119.99 USD,revolver-25in-midi-pant-black,https://cdn.shoplightspeed.com/shops/651012/files/70424320/screenshot-2025-04-17-at-90853am.png,"{'resource': {'id': 3679981, 'url': 'brands/3679981', 'link': 'https://api.shoplightspeed.com/us/brands/3679981.json'}}",1,M,67116036
112795149,Revolver 25IN Midi Pant- Black,"Made to go fast, THE UPSIDE'S Revolver Midi Pant is designed to perform.",in stock,new,119.99 USD,revolver-25in-midi-pant-black,https://cdn.shoplightspeed.com/shops/651012/files/70424320/screenshot-2025-04-17-at-90853am.png,"{'resource': {'id': 3679981, 'url': 'brands/3679981', 'link': 'https://api.shoplightspeed.com/us/brands/3679981.json'}}",0,S,67116036
112795148,Revolver 25IN Midi Pant- Black,"Made to go fast, THE UPSIDE'S Revolver Midi Pant is designed to perform.",in stock,new,119.99 USD,revolver-25in-midi-pant-black,https://cdn.shoplightspeed.com/shops/651012/files/70424320/screenshot-2025-04-17-at-90853am.png,"{'resource': {'id': 3679981, 'url': 'brands/3679981', 'link': 'https://api.shoplightspeed.com/us/brands/3679981.json'}}",1,XS,67116036
112761841,Studio Siren Pant- Heather Grey,"Essential for going to and from the studio or a long day of travel, these super-soft pants feature a wide-leg silhouette with flattering drape for an effortless look.",in stock,new,108 USD,studio-siren-pant-heather-grey,https://cdn.shoplightspeed.com/shops/651012/files/70385412/screenshot-2025-05-21-at-20927pm.png,"{'resource': {'id': 3047041, 'url': 'brands/3047041', 'link': 'https://api.shoplightspeed.com/us/brands/3047041.json'}}",1,XS,67098872
112761838,Studio Siren Pant- Heather Grey,"Essential for going to and from the studio or a long day of travel, these super-soft pants feature a wide-leg silhouette with flattering drape for an effortless look.",in stock,new,108 USD,studio-siren-pant-heather-grey,https://cdn.shoplightspeed.com/shops/651012/files/70385412/screenshot-2025-05-21-at-20927pm.png,"{'resource': {'id': 3047041, 'url': 'brands/3047041', 'link': 'https://api.shoplightspeed.com/us/brands/3047041.json'}}",0,S,67098872
112761821,Studio Siren Pant- Heather Grey,"Essential for going to and from the studio or a long day of travel, these super-soft pants feature a wide-leg silhouette with flattering drape for an effortless look.",in stock,new,108 USD,studio-siren-pant-heather-grey,https://cdn.shoplightspeed.com/shops/651012/files/70385412/screenshot-2025-05-21-at-20927pm.png,"{'resource': {'id': 3047041, 'url': 'brands/3047041', 'link': 'https://api.shoplightspeed.com/us/brands/3047041.json'}}",1,M,67098872
112760890,All Clear Cami- Seafoam,"So essential, this cami is an easy layer featuring a soft and light fabrication that offers barely-there coverage, with a flattering scoop neckline and racerback for effortless cool.",in stock,new,30 USD,all-clear-cami-seafoam,https://cdn.shoplightspeed.com/shops/651012/files/70384412/screenshot-2025-05-21-at-14546pm.png,"{'resource': {'id': 3047041, 'url': 'brands/3047041', 'link': 'https://api.shoplightspeed.com/us/brands/3047041.json'}}",2,XS/S,67098393
112760871,All Clear Cami- Seafoam,"So essential, this cami is an easy layer featuring a soft and light fabrication that offers barely-there coverage, with a flattering scoop neckline and racerback for effortless cool.",in stock,new,30 USD,all-clear-cami-seafoam,https://cdn.shoplightspeed.com/shops/651012/files/70384412/screenshot-2025-05-21-at-14546pm.png,"{'resource': {'id': 3047041, 'url': 'brands/3047041', 'link': 'https://api.shoplightspeed.com/us/brands/3047041.json'}}",2,M/L,67098393
112743589,Airweight Bra With Ruching- White,Splits59 built sports bra support into this ultra light crop bra with ruched front. The super soft ultra luxe Airweight performance fabric gives you superior second skin comfort and freedom.,in stock,new,88 USD,airweight-bra-with-ruching-white,https://cdn.shoplightspeed.com/shops/651012/files/70368703/screenshot-2025-05-20-at-81307pm.png,"{'resource': {'id': 3426207, 'url': 'brands/3426207', 'link': 'https://api.shoplightspeed.com/us/brands/3426207.json'}}",2,S,67087529
112743585,Airweight Bra With Ruching- White,Splits59 built sports bra support into this ultra light crop bra with ruched front. The super soft ultra luxe Airweight performance fabric gives you superior second skin comfort and freedom.,in stock,new,88 USD,airweight-bra-with-ruching-white,https://cdn.shoplightspeed.com/shops/651012/files/70368703/screenshot-2025-05-20-at-81307pm.png,"{'resource': {'id': 3426207, 'url': 'brands/3426207', 'link': 'https://api.shoplightspeed.com/us/brands/3426207.json'}}",1,M,67087529
112743527,Austin Rigor Dress- White/Indigo,"Another court sport dress for your collection, the Austin Dress is the perfect piece for your next game. Super soft Rigor fabric and built-in shorts. Zip down polo neckline, racerback, and side slits.",in stock,new,168 USD,austin-rigor-dress-white-indigo,https://cdn.shoplightspeed.com/shops/651012/files/70368651/screenshot-2025-05-20-at-81023pm.png,"{'resource': {'id': 3426207, 'url': 'brands/3426207', 'link': 'https://api.shoplightspeed.com/us/brands/3426207.json'}}",0,XS,67087474
112743525,Austin Rigor Dress- White/Indigo,"Another court sport dress for your collection, the Austin Dress is the perfect piece for your next game. Super soft Rigor fabric and built-in shorts. Zip down polo neckline, racerback, and side slits.",in stock,new,168 USD,austin-rigor-dress-white-indigo,https://cdn.shoplightspeed.com/shops/651012/files/70368651/screenshot-2025-05-20-at-81023pm.png,"{'resource': {'id': 3426207, 'url': 'brands/3426207', 'link': 'https://api.shoplightspeed.com/us/brands/3426207.json'}}",1,S,67087474
112743515,Austin Rigor Dress- White/Indigo,"Another court sport dress for your collection, the Austin Dress is the perfect piece for your next game. Super soft Rigor fabric and built-in shorts. Zip down polo neckline, racerback, and side slits.",in stock,new,168 USD,austin-rigor-dress-white-indigo,https://cdn.shoplightspeed.com/shops/651012/files/70368651/screenshot-2025-05-20-at-81023pm.png,"{'resource': {'id': 3426207, 'url': 'brands/3426207', 'link': 'https://api.shoplightspeed.com/us/brands/3426207.json'}}",1,M,67087474
112743418,Airweight Bomber Jacket- White,"Sleek lines and long sleeve coverage in a buttery soft full-length zip bomber. Perfect worn alone or layered. Pair it with a matching dress, skort or legging. ",in stock,new,158 USD,airweight-bomber-jacket-white,https://cdn.shoplightspeed.com/shops/651012/files/70368612/screenshot-2025-05-20-at-80938pm.png,"{'resource': {'id': 3426207, 'url': 'brands/3426207', 'link': 'https://api.shoplightspeed.com/us/brands/3426207.json'}}",1,XS,67087385
112743410,Airweight Bomber Jacket- White,"Sleek lines and long sleeve coverage in a buttery soft full-length zip bomber. Perfect worn alone or layered. Pair it with a matching dress, skort or legging. ",in stock,new,158 USD,airweight-bomber-jacket-white,https://cdn.shoplightspeed.com/shops/651012/files/70368612/screenshot-2025-05-20-at-80938pm.png,"{'resource': {'id': 3426207, 'url': 'brands/3426207', 'link': 'https://api.shoplightspeed.com/us/brands/3426207.json'}}",0,S,67087385
112743409,Airweight Bomber Jacket- White,"Sleek lines and long sleeve coverage in a buttery soft full-length zip bomber. Perfect worn alone or layered. Pair it with a matching dress, skort or legging. ",in stock,new,158 USD,airweight-bomber-jacket-white,https://cdn.shoplightspeed.com/shops/651012/files/70368612/screenshot-2025-05-20-at-80938pm.png,"{'resource': {'id': 3426207, 'url': 'brands/3426207', 'link': 'https://api.shoplightspeed.com/us/brands/3426207.json'}}",1,M,67087385
112742728,Miles High Waist Rigor 7/8- Skylight/White,A contrast color stripe wraps from hip to ankle on this classic legging in our luxurious form fitting Rigor fabric. Pair it with the matching Miles Rigor Bra.,in stock,new,138 USD,miles-high-waist-rigor-7-8-skylight-white,https://cdn.shoplightspeed.com/shops/651012/files/70368292/screenshot-2025-05-20-at-74140pm.png,"{'resource': {'id': 3426207, 'url': 'brands/3426207', 'link': 'https://api.shoplightspeed.com/us/brands/3426207.json'}}",1,XS,67086787
112742726,Miles High Waist Rigor 7/8- Skylight/White,A contrast color stripe wraps from hip to ankle on this classic legging in our luxurious form fitting Rigor fabric. Pair it with the matching Miles Rigor Bra.,in stock,new,138 USD,miles-high-waist-rigor-7-8-skylight-white,https://cdn.shoplightspeed.com/shops/651012/files/70368292/screenshot-2025-05-20-at-74140pm.png,"{'resource': {'id': 3426207, 'url': 'brands/3426207', 'link': 'https://api.shoplightspeed.com/us/brands/3426207.json'}}",1,S,67086787
112742721,Miles High Waist Rigor 7/8- Skylight/White,A contrast color stripe wraps from hip to ankle on this classic legging in our luxurious form fitting Rigor fabric. Pair it with the matching Miles Rigor Bra.,in stock,new,138 USD,miles-high-waist-rigor-7-8-skylight-white,https://cdn.shoplightspeed.com/shops/651012/files/70368292/screenshot-2025-05-20-at-74140pm.png,"{'resource': {'id': 3426207, 'url': 'brands/3426207', 'link': 'https://api.shoplightspeed.com/us/brands/3426207.json'}}",0,M,67086787
112742658,Miles Rigor Bra- Skylight/White,"Engineered for action, designed for beauty with a crossover back the Miles Rigor Bra delivers support and style for every workout. ",in stock,new,82 USD,miles-rigor-bra-skylight-white,https://cdn.shoplightspeed.com/shops/651012/files/70368250/screenshot-2025-05-20-at-73948pm.png,"{'resource': {'id': 3426207, 'url': 'brands/3426207', 'link': 'https://api.shoplightspeed.com/us/brands/3426207.json'}}",0,M,67086721
112742652,Miles Rigor Bra- Skylight/White,"Engineered for action, designed for beauty with a crossover back the Miles Rigor Bra delivers support and style for every workout. ",in stock,new,82 USD,miles-rigor-bra-skylight-white,https://cdn.shoplightspeed.com/shops/651012/files/70368250/screenshot-2025-05-20-at-73948pm.png,"{'resource': {'id': 3426207, 'url': 'brands/3426207', 'link': 'https://api.shoplightspeed.com/us/brands/3426207.json'}}",1,S,67086721
112720521,Spritz Vintage Cap- Navy,"Add a touch of coolness to your outfit. Featuring a classic dad hat design with fine embroidery, this cap is made from high-end 100%  cotton for a soft and comfortable feel. Features an adjustable buckle strap.",in stock,new,47 USD,spritz-vintage-cap-navy,https://cdn.shoplightspeed.com/shops/651012/files/70348753/screenshot-2025-05-19-at-84432pm.png,"{'resource': {'id': 3782706, 'url': 'brands/3782706', 'link': 'https://api.shoplightspeed.com/us/brands/3782706.json'}}",2,One size,67073467
112720504,Not a Tourist Cap- White,"Add a touch of coolness to your outfit. Featuring a classic dad hat design with fine embroidery, this cap is made from high-end 100%  cotton for a soft and comfortable feel. Features an adjustable buckle strap.",in stock,new,47 USD,not-a-tourist-cap-white,https://cdn.shoplightspeed.com/shops/651012/files/70348743/screenshot-2025-05-19-at-84021pm.png,"{'resource': {'id': 3782706, 'url': 'brands/3782706', 'link': 'https://api.shoplightspeed.com/us/brands/3782706.json'}}",1,One size,67073454
112720502,Negroni Please Cap- Spruce,"Add a touch of coolness to your outfit. Featuring a classic dad hat design with fine embroidery, this cap is made from high-end 100%  cotton for a soft and comfortable feel. Features an adjustable buckle strap.",in stock,new,47 USD,negroni-please-cap-spruce,https://cdn.shoplightspeed.com/shops/651012/files/70348738/screenshot-2025-05-19-at-83657pm.png,"{'resource': {'id': 3782706, 'url': 'brands/3782706', 'link': 'https://api.shoplightspeed.com/us/brands/3782706.json'}}",1,One size,67073452
112720495,Jet Lagged Cap- Navy,,in stock,new,47 USD,jet-lagged-cap-navy,https://cdn.shoplightspeed.com/shops/651012/files/70348733/screenshot-2025-05-19-at-83657pm.png,"{'resource': {'id': 3782706, 'url': 'brands/3782706', 'link': 'https://api.shoplightspeed.com/us/brands/3782706.json'}}",1,One size,67073445
112720483,Champagne Problems Cap- Pink,"Add a touch of coolness to your outfit. Featuring a classic dad hat design with fine embroidery, this cap is made from high-end 100%  cotton for a soft and comfortable feel. Features an adjustable buckle strap.",in stock,new,47 USD,champagne-problems-cap-pink,https://cdn.shoplightspeed.com/shops/651012/files/70348721/screenshot-2025-05-19-at-83429pm.png,"{'resource': {'id': 3782706, 'url': 'brands/3782706', 'link': 'https://api.shoplightspeed.com/us/brands/3782706.json'}}",1,One size,67073435
112720476,Late Check Out Cap- Black,"Add a touch of coolness to your outfit. Featuring a classic dad hat design with fine embroidery, this cap is made from high-end 100%  cotton for a soft and comfortable feel. Features an adjustable buckle strap.",in stock,new,46 USD,late-check-out-cap-black,https://cdn.shoplightspeed.com/shops/651012/files/70348710/screenshot-2025-05-19-at-83238pm.png,"{'resource': {'id': 3782706, 'url': 'brands/3782706', 'link': 'https://api.shoplightspeed.com/us/brands/3782706.json'}}",2,One size,67073428
112687360,Never Better Heather Crop- Blueberry Heather,"The perfect top to pair with absolutely any fitness-focused ‘fit, this timeless crop is featured in a V-neck silhouette and heathered fabrication with lining for extra hold and defined seaming throughout for a forever flattering finish.",in stock,new,34.8 USD,never-better-heather-crop-blueberry-heather,https://cdn.shoplightspeed.com/shops/651012/files/70308355/screen-shot-2024-12-11-at-125012-pm.png,"{'resource': {'id': 3047041, 'url': 'brands/3047041', 'link': 'https://api.shoplightspeed.com/us/brands/3047041.json'}}",0,M,67053767
112687351,Never Better Heather Crop- Blueberry Heather,"The perfect top to pair with absolutely any fitness-focused ‘fit, this timeless crop is featured in a V-neck silhouette and heathered fabrication with lining for extra hold and defined seaming throughout for a forever flattering finish.",in stock,new,34.8 USD,never-better-heather-crop-blueberry-heather,https://cdn.shoplightspeed.com/shops/651012/files/70308355/screen-shot-2024-12-11-at-125012-pm.png,"{'resource': {'id': 3047041, 'url': 'brands/3047041', 'link': 'https://api.shoplightspeed.com/us/brands/3047041.json'}}",1,XS,67053767
112677852,Angelina Skirt Crochet- Onyx,"Meet our new crochet Angelina skirt. Featuring detailed crochet work and a sleek straight fit, the Angelina has the perfect amount of refined bohemian charm. Thoughtfully designed with a partial lining for comfort and coverage.",in stock,new,198 USD,angelina-skirt-crochet-onyx,https://cdn.shoplightspeed.com/shops/651012/files/70302061/screenshot-2025-05-15-at-95855pm.png,"{'resource': {'id': 3192429, 'url': 'brands/3192429', 'link': 'https://api.shoplightspeed.com/us/brands/3192429.json'}}",1,XS,67046653
112677851,Angelina Skirt Crochet- Onyx,"Meet our new crochet Angelina skirt. Featuring detailed crochet work and a sleek straight fit, the Angelina has the perfect amount of refined bohemian charm. Thoughtfully designed with a partial lining for comfort and coverage.",in stock,new,198 USD,angelina-skirt-crochet-onyx,https://cdn.shoplightspeed.com/shops/651012/files/70302061/screenshot-2025-05-15-at-95855pm.png,"{'resource': {'id': 3192429, 'url': 'brands/3192429', 'link': 'https://api.shoplightspeed.com/us/brands/3192429.json'}}",1,S,67046653
112677850,Angelina Skirt Crochet- Onyx,"Meet our new crochet Angelina skirt. Featuring detailed crochet work and a sleek straight fit, the Angelina has the perfect amount of refined bohemian charm. Thoughtfully designed with a partial lining for comfort and coverage.",in stock,new,198 USD,angelina-skirt-crochet-onyx,https://cdn.shoplightspeed.com/shops/651012/files/70302061/screenshot-2025-05-15-at-95855pm.png,"{'resource': {'id': 3192429, 'url': 'brands/3192429', 'link': 'https://api.shoplightspeed.com/us/brands/3192429.json'}}",1,M,67046653
112677801,Roberta Top- Crochet Onyx,Meet your new favorite layering piece: the Roberta Top. This top features an airy open crochet knit and tie-front closure that allows for a customized fit and a touch of vintage-inspired flair. Pair it with the Angelina skirt for the perfect look.,in stock,new,158 USD,roberta-top-crochet-onyx,https://cdn.shoplightspeed.com/shops/651012/files/70302049/screenshot-2025-05-15-at-95557pm.png,"{'resource': {'id': 3192429, 'url': 'brands/3192429', 'link': 'https://api.shoplightspeed.com/us/brands/3192429.json'}}",1,XS,67046601
112677799,Roberta Top- Crochet Onyx,Meet your new favorite layering piece: the Roberta Top. This top features an airy open crochet knit and tie-front closure that allows for a customized fit and a touch of vintage-inspired flair. Pair it with the Angelina skirt for the perfect look.,in stock,new,158 USD,roberta-top-crochet-onyx,https://cdn.shoplightspeed.com/shops/651012/files/70302049/screenshot-2025-05-15-at-95557pm.png,"{'resource': {'id': 3192429, 'url': 'brands/3192429', 'link': 'https://api.shoplightspeed.com/us/brands/3192429.json'}}",1,S,67046601
112677795,Roberta Top- Crochet Onyx,Meet your new favorite layering piece: the Roberta Top. This top features an airy open crochet knit and tie-front closure that allows for a customized fit and a touch of vintage-inspired flair. Pair it with the Angelina skirt for the perfect look.,in stock,new,158 USD,roberta-top-crochet-onyx,https://cdn.shoplightspeed.com/shops/651012/files/70302049/screenshot-2025-05-15-at-95557pm.png,"{'resource': {'id': 3192429, 'url': 'brands/3192429', 'link': 'https://api.shoplightspeed.com/us/brands/3192429.json'}}",1,M,67046601
112677545,Chloe Sweater- Royal,,in stock,new,158 USD,chloe-sweater-royal,https://cdn.shoplightspeed.com/shops/651012/files/70301884/screenshot-2025-05-15-at-93744pm.png,"{'resource': {'id': 3192429, 'url': 'brands/3192429', 'link': 'https://api.shoplightspeed.com/us/brands/3192429.json'}}",0,XS,67046356
112677542,Chloe Sweater- Royal,,in stock,new,158 USD,chloe-sweater-royal,https://cdn.shoplightspeed.com/shops/651012/files/70301884/screenshot-2025-05-15-at-93744pm.png,"{'resource': {'id': 3192429, 'url': 'brands/3192429', 'link': 'https://api.shoplightspeed.com/us/brands/3192429.json'}}",0,S,67046356
112677534,Chloe Sweater- Royal,,in stock,new,158 USD,chloe-sweater-royal,https://cdn.shoplightspeed.com/shops/651012/files/70301884/screenshot-2025-05-15-at-93744pm.png,"{'resource': {'id': 3192429, 'url': 'brands/3192429', 'link': 'https://api.shoplightspeed.com/us/brands/3192429.json'}}",1,M,67046356
112570819,Kirsi Half Zip Midlayer- White/Forest,,in stock,new,138 USD,kirsi-half-zip-midlayer-white-forest,https://cdn.shoplightspeed.com/shops/651012/files/70307629/screenshot-2025-05-09-at-15156pm.png,"{'resource': {'id': 2559355, 'url': 'brands/2559355', 'link': 'https://api.shoplightspeed.com/us/brands/2559355.json'}}",0,M,66983475
112570813,Kirsi Half Zip Midlayer- White/Forest,,in stock,new,138 USD,kirsi-half-zip-midlayer-white-forest,https://cdn.shoplightspeed.com/shops/651012/files/70307629/screenshot-2025-05-09-at-15156pm.png,"{'resource': {'id': 2559355, 'url': 'brands/2559355', 'link': 'https://api.shoplightspeed.com/us/brands/2559355.json'}}",0,L,66983475
112570805,Kirsi Half Zip Midlayer- White/Forest,,in stock,new,138 USD,kirsi-half-zip-midlayer-white-forest,https://cdn.shoplightspeed.com/shops/651012/files/70307629/screenshot-2025-05-09-at-15156pm.png,"{'resource': {'id': 2559355, 'url': 'brands/2559355', 'link': 'https://api.shoplightspeed.com/us/brands/2559355.json'}}",0,S,66983475
112570792,Kirsi Half Zip Midlayer- White/Forest,,in stock,new,138 USD,kirsi-half-zip-midlayer-white-forest,https://cdn.shoplightspeed.com/shops/651012/files/70307629/screenshot-2025-05-09-at-15156pm.png,"{'resource': {'id': 2559355, 'url': 'brands/2559355', 'link': 'https://api.shoplightspeed.com/us/brands/2559355.json'}}",1,XS,66983475
112569796,Ferns Open Knit Tank- Shadow,"Made from our 100% cotton Float Pointelle Knit, this tank will add a luxurious tactility to your look. The slightly cropped hem will work well with high-waisted pants and shorts.",in stock,new,88 USD,ferns-open-knit-tank-shadow,https://cdn.shoplightspeed.com/shops/651012/files/70202922/screenshot-2025-05-09-at-14901pm.png,"{'resource': {'id': 2559355, 'url': 'brands/2559355', 'link': 'https://api.shoplightspeed.com/us/brands/2559355.json'}}",2,XS,66982835
112569795,Ferns Open Knit Tank- Shadow,"Made from our 100% cotton Float Pointelle Knit, this tank will add a luxurious tactility to your look. The slightly cropped hem will work well with high-waisted pants and shorts.",in stock,new,88 USD,ferns-open-knit-tank-shadow,https://cdn.shoplightspeed.com/shops/651012/files/70202922/screenshot-2025-05-09-at-14901pm.png,"{'resource': {'id': 2559355, 'url': 'brands/2559355', 'link': 'https://api.shoplightspeed.com/us/brands/2559355.json'}}",2,S,66982835
112569789,Ferns Open Knit Tank- Shadow,"Made from our 100% cotton Float Pointelle Knit, this tank will add a luxurious tactility to your look. The slightly cropped hem will work well with high-waisted pants and shorts.",in stock,new,88 USD,ferns-open-knit-tank-shadow,https://cdn.shoplightspeed.com/shops/651012/files/70202922/screenshot-2025-05-09-at-14901pm.png,"{'resource': {'id': 2559355, 'url': 'brands/2559355', 'link': 'https://api.shoplightspeed.com/us/brands/2559355.json'}}",1,M,66982835
112569743,Ferns Open Knit Tank- Snow White,"Made from our 100% cotton Float Pointelle Knit, this tank will add a luxurious tactility to your look. The slightly cropped hem will work well with high-waisted pants and shorts.",in stock,new,88 USD,ferns-open-knit-tank-snow-white,https://cdn.shoplightspeed.com/shops/651012/files/70202836/screenshot-2025-05-09-at-14547pm.png,"{'resource': {'id': 2559355, 'url': 'brands/2559355', 'link': 'https://api.shoplightspeed.com/us/brands/2559355.json'}}",0,XXS,66982795
112569741,Ferns Open Knit Tank- Snow White,"Made from our 100% cotton Float Pointelle Knit, this tank will add a luxurious tactility to your look. The slightly cropped hem will work well with high-waisted pants and shorts.",in stock,new,88 USD,ferns-open-knit-tank-snow-white,https://cdn.shoplightspeed.com/shops/651012/files/70202836/screenshot-2025-05-09-at-14547pm.png,"{'resource': {'id': 2559355, 'url': 'brands/2559355', 'link': 'https://api.shoplightspeed.com/us/brands/2559355.json'}}",0,XS,66982795
112569737,Ferns Open Knit Tank- Snow White,"Made from our 100% cotton Float Pointelle Knit, this tank will add a luxurious tactility to your look. The slightly cropped hem will work well with high-waisted pants and shorts.",in stock,new,88 USD,ferns-open-knit-tank-snow-white,https://cdn.shoplightspeed.com/shops/651012/files/70202836/screenshot-2025-05-09-at-14547pm.png,"{'resource': {'id': 2559355, 'url': 'brands/2559355', 'link': 'https://api.shoplightspeed.com/us/brands/2559355.json'}}",1,S,66982795
112569731,Ferns Open Knit Tank- Snow White,"Made from our 100% cotton Float Pointelle Knit, this tank will add a luxurious tactility to your look. The slightly cropped hem will work well with high-waisted pants and shorts.",in stock,new,88 USD,ferns-open-knit-tank-snow-white,https://cdn.shoplightspeed.com/shops/651012/files/70202836/screenshot-2025-05-09-at-14547pm.png,"{'resource': {'id': 2559355, 'url': 'brands/2559355', 'link': 'https://api.shoplightspeed.com/us/brands/2559355.json'}}",1,M,66982795
112569669,Athena Pointelle Knit Vest- Egret,,in stock,new,110 USD,athena-pointelle-knit-vest-egret,https://cdn.shoplightspeed.com/shops/651012/files/70202715/screenshot-2025-05-09-at-14122pm.png,"{'resource': {'id': 2559355, 'url': 'brands/2559355', 'link': 'https://api.shoplightspeed.com/us/brands/2559355.json'}}",1,XXS,66982750
112569661,Athena Pointelle Knit Vest- Egret,,in stock,new,110 USD,athena-pointelle-knit-vest-egret,https://cdn.shoplightspeed.com/shops/651012/files/70202715/screenshot-2025-05-09-at-14122pm.png,"{'resource': {'id': 2559355, 'url': 'brands/2559355', 'link': 'https://api.shoplightspeed.com/us/brands/2559355.json'}}",1,XS,66982750
112569659,Athena Pointelle Knit Vest- Egret,,in stock,new,110 USD,athena-pointelle-knit-vest-egret,https://cdn.shoplightspeed.com/shops/651012/files/70202715/screenshot-2025-05-09-at-14122pm.png,"{'resource': {'id': 2559355, 'url': 'brands/2559355', 'link': 'https://api.shoplightspeed.com/us/brands/2559355.json'}}",1,S,66982750
112569650,Athena Pointelle Knit Vest- Egret,,in stock,new,110 USD,athena-pointelle-knit-vest-egret,https://cdn.shoplightspeed.com/shops/651012/files/70202715/screenshot-2025-05-09-at-14122pm.png,"{'resource': {'id': 2559355, 'url': 'brands/2559355', 'link': 'https://api.shoplightspeed.com/us/brands/2559355.json'}}",1,M,66982750
112569589,Scott Scoop Neck Midi Dress- Birch,Lightweight crochet dress.  The perfect versatile look for summer. ,in stock,new,178 USD,scott-scoop-neck-midi-dress-birch,https://cdn.shoplightspeed.com/shops/651012/files/70307601/screenshot-2025-05-09-at-13817pm.png,"{'resource': {'id': 2559355, 'url': 'brands/2559355', 'link': 'https://api.shoplightspeed.com/us/brands/2559355.json'}}",1,M,66982708
112569585,Scott Scoop Neck Midi Dress- Birch,Lightweight crochet dress.  The perfect versatile look for summer. ,in stock,new,178 USD,scott-scoop-neck-midi-dress-birch,https://cdn.shoplightspeed.com/shops/651012/files/70307601/screenshot-2025-05-09-at-13817pm.png,"{'resource': {'id': 2559355, 'url': 'brands/2559355', 'link': 'https://api.shoplightspeed.com/us/brands/2559355.json'}}",1,XXS,66982708
112569583,Scott Scoop Neck Midi Dress- Birch,Lightweight crochet dress.  The perfect versatile look for summer. ,in stock,new,178 USD,scott-scoop-neck-midi-dress-birch,https://cdn.shoplightspeed.com/shops/651012/files/70307601/screenshot-2025-05-09-at-13817pm.png,"{'resource': {'id': 2559355, 'url': 'brands/2559355', 'link': 'https://api.shoplightspeed.com/us/brands/2559355.json'}}",1,XS,66982708
112569577,Scott Scoop Neck Midi Dress- Birch,Lightweight crochet dress.  The perfect versatile look for summer. ,in stock,new,178 USD,scott-scoop-neck-midi-dress-birch,https://cdn.shoplightspeed.com/shops/651012/files/70307601/screenshot-2025-05-09-at-13817pm.png,"{'resource': {'id': 2559355, 'url': 'brands/2559355', 'link': 'https://api.shoplightspeed.com/us/brands/2559355.json'}}",0,S,66982708
112564125,Mabel Shirt- Strawberry Stand Terry,,in stock,new,98 USD,mabel-shirt-strawberry-stand-terry,https://cdn.shoplightspeed.com/shops/651012/files/70196036/screenshot-2025-05-09-at-93706am.png,"{'resource': {'id': 2557758, 'url': 'brands/2557758', 'link': 'https://api.shoplightspeed.com/us/brands/2557758.json'}}",0,XS,66980114
112564124,Mabel Shirt- Strawberry Stand Terry,,in stock,new,98 USD,mabel-shirt-strawberry-stand-terry,https://cdn.shoplightspeed.com/shops/651012/files/70196036/screenshot-2025-05-09-at-93706am.png,"{'resource': {'id': 2557758, 'url': 'brands/2557758', 'link': 'https://api.shoplightspeed.com/us/brands/2557758.json'}}",1,S,66980114
112564118,Mabel Shirt- Strawberry Stand Terry,,in stock,new,98 USD,mabel-shirt-strawberry-stand-terry,https://cdn.shoplightspeed.com/shops/651012/files/70196036/screenshot-2025-05-09-at-93706am.png,"{'resource': {'id': 2557758, 'url': 'brands/2557758', 'link': 'https://api.shoplightspeed.com/us/brands/2557758.json'}}",1,M,66980114
112564079,Kiara Short- Strawberry Stand Terry,,in stock,new,88 USD,kiara-short-strawberry-stand-terry,https://cdn.shoplightspeed.com/shops/651012/files/70195991/screenshot-2025-05-09-at-93706am.png,"{'resource': {'id': 2557758, 'url': 'brands/2557758', 'link': 'https://api.shoplightspeed.com/us/brands/2557758.json'}}",1,XS,66980102
112564078,Kiara Short- Strawberry Stand Terry,,in stock,new,88 USD,kiara-short-strawberry-stand-terry,https://cdn.shoplightspeed.com/shops/651012/files/70195991/screenshot-2025-05-09-at-93706am.png,"{'resource': {'id': 2557758, 'url': 'brands/2557758', 'link': 'https://api.shoplightspeed.com/us/brands/2557758.json'}}",0,S,66980102
112564070,Kiara Short- Strawberry Stand Terry,,in stock,new,88 USD,kiara-short-strawberry-stand-terry,https://cdn.shoplightspeed.com/shops/651012/files/70195991/screenshot-2025-05-09-at-93706am.png,"{'resource': {'id': 2557758, 'url': 'brands/2557758', 'link': 'https://api.shoplightspeed.com/us/brands/2557758.json'}}",1,M,66980102
112606401,Camilla Top  & Highway Bottom Set- Strawberry Stand Terry,,in stock,new,206 USD,camilla-top-highway-bottom-set-strawberry-stand-te,https://cdn.shoplightspeed.com/shops/651012/files/70195933/screenshot-2025-05-09-at-92808am.png,"{'resource': {'id': 2557758, 'url': 'brands/2557758', 'link': 'https://api.shoplightspeed.com/us/brands/2557758.json'}}",1,XS,66980071
112563982,Camilla Top  & Highway Bottom Set- Strawberry Stand Terry,,in stock,new,206 USD,camilla-top-highway-bottom-set-strawberry-stand-te,https://cdn.shoplightspeed.com/shops/651012/files/70195933/screenshot-2025-05-09-at-92808am.png,"{'resource': {'id': 2557758, 'url': 'brands/2557758', 'link': 'https://api.shoplightspeed.com/us/brands/2557758.json'}}",1,L,66980071
112563979,Camilla Top  & Highway Bottom Set- Strawberry Stand Terry,,in stock,new,206 USD,camilla-top-highway-bottom-set-strawberry-stand-te,https://cdn.shoplightspeed.com/shops/651012/files/70195933/screenshot-2025-05-09-at-92808am.png,"{'resource': {'id': 2557758, 'url': 'brands/2557758', 'link': 'https://api.shoplightspeed.com/us/brands/2557758.json'}}",1,M,66980071
112563977,Camilla Top  & Highway Bottom Set- Strawberry Stand Terry,,in stock,new,206 USD,camilla-top-highway-bottom-set-strawberry-stand-te,https://cdn.shoplightspeed.com/shops/651012/files/70195933/screenshot-2025-05-09-at-92808am.png,"{'resource': {'id': 2557758, 'url': 'brands/2557758', 'link': 'https://api.shoplightspeed.com/us/brands/2557758.json'}}",1,S,66980071
112643123,Priscilla One Piece- Fruit Market,,in stock,new,158 USD,priscilla-one-piece-fruit-market,https://cdn.shoplightspeed.com/shops/651012/files/70195844/screenshot-2025-05-09-at-92544am.png,"{'resource': {'id': 2557758, 'url': 'brands/2557758', 'link': 'https://api.shoplightspeed.com/us/brands/2557758.json'}}",1,XS,66980039
112563820,Priscilla One Piece- Fruit Market,,in stock,new,158 USD,priscilla-one-piece-fruit-market,https://cdn.shoplightspeed.com/shops/651012/files/70195844/screenshot-2025-05-09-at-92544am.png,"{'resource': {'id': 2557758, 'url': 'brands/2557758', 'link': 'https://api.shoplightspeed.com/us/brands/2557758.json'}}",1,S,66980039
112563819,Priscilla One Piece- Fruit Market,,in stock,new,158 USD,priscilla-one-piece-fruit-market,https://cdn.shoplightspeed.com/shops/651012/files/70195844/screenshot-2025-05-09-at-92544am.png,"{'resource': {'id': 2557758, 'url': 'brands/2557758', 'link': 'https://api.shoplightspeed.com/us/brands/2557758.json'}}",1,M,66980039
112563811,Priscilla One Piece- Fruit Market,,in stock,new,158 USD,priscilla-one-piece-fruit-market,https://cdn.shoplightspeed.com/shops/651012/files/70195844/screenshot-2025-05-09-at-92544am.png,"{'resource': {'id': 2557758, 'url': 'brands/2557758', 'link': 'https://api.shoplightspeed.com/us/brands/2557758.json'}}",1,L,66980039
112563745,Righteous Runsie- Clove,,in stock,new,98 USD,righteous-runsie-clove,https://cdn.shoplightspeed.com/shops/651012/files/70195800/screenshot-2025-05-09-at-92151am.png,"{'resource': {'id': 3047041, 'url': 'brands/3047041', 'link': 'https://api.shoplightspeed.com/us/brands/3047041.json'}}",1,XS,66980017
112563744,Righteous Runsie- Clove,,in stock,new,98 USD,righteous-runsie-clove,https://cdn.shoplightspeed.com/shops/651012/files/70195800/screenshot-2025-05-09-at-92151am.png,"{'resource': {'id': 3047041, 'url': 'brands/3047041', 'link': 'https://api.shoplightspeed.com/us/brands/3047041.json'}}",1,S,66980017
112563740,Righteous Runsie- Clove,,in stock,new,98 USD,righteous-runsie-clove,https://cdn.shoplightspeed.com/shops/651012/files/70195800/screenshot-2025-05-09-at-92151am.png,"{'resource': {'id': 3047041, 'url': 'brands/3047041', 'link': 'https://api.shoplightspeed.com/us/brands/3047041.json'}}",1,M,66980017
112509710,Phoebe Bikini- Black,,in stock,new,295 USD,phoebe-bikini-black,https://cdn.shoplightspeed.com/shops/651012/files/70149926/screenshot-2025-05-07-at-81949am.png,"{'resource': {'id': 3590979, 'url': 'brands/3590979', 'link': 'https://api.shoplightspeed.com/us/brands/3590979.json'}}",2,One size,66946838
112509708,Osiris Frill Bikini- Navy,,in stock,new,295 USD,osiris-frill-bikini-navy,https://cdn.shoplightspeed.com/shops/651012/files/70149920/screenshot-2025-05-07-at-81729am.png,"{'resource': {'id': 3590979, 'url': 'brands/3590979', 'link': 'https://api.shoplightspeed.com/us/brands/3590979.json'}}",1,One size,66946837
112509701,Domino Swim- Metallic Cocoa,,in stock,new,255 USD,domino-swim-metallic-cocoa,https://cdn.shoplightspeed.com/shops/651012/files/70149914/screenshot-2025-05-07-at-81559am.png,"{'resource': {'id': 3590979, 'url': 'brands/3590979', 'link': 'https://api.shoplightspeed.com/us/brands/3590979.json'}}",1,One size,66946833
112509698,Camille Swim- Metallic Kahki,,in stock,new,295 USD,camille-swim-metallic-kahki,https://cdn.shoplightspeed.com/shops/651012/files/70149896/screenshot-2025-05-07-at-81259am.png,"{'resource': {'id': 3590979, 'url': 'brands/3590979', 'link': 'https://api.shoplightspeed.com/us/brands/3590979.json'}}",2,One size,66946830
112509696,Camille Swim- Metallic Rosewood,,in stock,new,295 USD,camille-swim-metallic-rosewood,https://cdn.shoplightspeed.com/shops/651012/files/70149890/screenshot-2025-05-07-at-81006am.png,"{'resource': {'id': 3590979, 'url': 'brands/3590979', 'link': 'https://api.shoplightspeed.com/us/brands/3590979.json'}}",1,One size,66946828
112509687,Square Neck Swim- Metallic Cocoa,,in stock,new,240 USD,square-neck-swim-metallic-cocoa,https://cdn.shoplightspeed.com/shops/651012/files/70149857/screenshot-2025-05-07-at-80644am.png,"{'resource': {'id': 3590979, 'url': 'brands/3590979', 'link': 'https://api.shoplightspeed.com/us/brands/3590979.json'}}",2,One size,66946824
112509680,Domino Swim- Blush,,in stock,new,255 USD,domino-swim-blush,https://cdn.shoplightspeed.com/shops/651012/files/70149840/screenshot-2025-05-07-at-80339am.png,"{'resource': {'id': 3590979, 'url': 'brands/3590979', 'link': 'https://api.shoplightspeed.com/us/brands/3590979.json'}}",1,One size,66946817
112509666,Camille One Piece- Red,,in stock,new,295 USD,camille-one-piece-red,https://cdn.shoplightspeed.com/shops/651012/files/70149812/screenshot-2025-05-07-at-75806am.png,"{'resource': {'id': 3590979, 'url': 'brands/3590979', 'link': 'https://api.shoplightspeed.com/us/brands/3590979.json'}}",1,One size,66946811
112483177,Jolie Hoodie- Ivory,"The Jolie Hoodie offers a fresh take on casual layering. Crafted in an open-knit design, this hoodie offers a stylish and breathable layer for any occasion.",in stock,new,168 USD,jolie-hoodie-ivory,https://cdn.shoplightspeed.com/shops/651012/files/70123175/screenshot-2025-04-16-at-44338pm.png,"{'resource': {'id': 3192429, 'url': 'brands/3192429', 'link': 'https://api.shoplightspeed.com/us/brands/3192429.json'}}",0,M,66931094
112483166,Jolie Hoodie- Ivory,"The Jolie Hoodie offers a fresh take on casual layering. Crafted in an open-knit design, this hoodie offers a stylish and breathable layer for any occasion.",in stock,new,168 USD,jolie-hoodie-ivory,https://cdn.shoplightspeed.com/shops/651012/files/70123175/screenshot-2025-04-16-at-44338pm.png,"{'resource': {'id': 3192429, 'url': 'brands/3192429', 'link': 'https://api.shoplightspeed.com/us/brands/3192429.json'}}",1,S,66931094
112483126,Easy Pant- Indigo Stripe,"Wear the Easy pant to run your errands with a t-shirt and your favorite sneaks, or dress them up with a blouse and boots. So comfortable you could even wear them on the plane, if we dare say. The Easy pant has an elastic waist with drawcord.",in stock,new,218 USD,easy-pant-indigo-stripe,https://cdn.shoplightspeed.com/shops/651012/files/70123149/screenshot-2025-04-16-at-44527pm.png,"{'resource': {'id': 3192429, 'url': 'brands/3192429', 'link': 'https://api.shoplightspeed.com/us/brands/3192429.json'}}",0,M,66931055
112483120,Easy Pant- Indigo Stripe,"Wear the Easy pant to run your errands with a t-shirt and your favorite sneaks, or dress them up with a blouse and boots. So comfortable you could even wear them on the plane, if we dare say. The Easy pant has an elastic waist with drawcord.",in stock,new,218 USD,easy-pant-indigo-stripe,https://cdn.shoplightspeed.com/shops/651012/files/70123149/screenshot-2025-04-16-at-44527pm.png,"{'resource': {'id': 3192429, 'url': 'brands/3192429', 'link': 'https://api.shoplightspeed.com/us/brands/3192429.json'}}",0,S,66931055
112483097,Easy Pant- Indigo Stripe,"Wear the Easy pant to run your errands with a t-shirt and your favorite sneaks, or dress them up with a blouse and boots. So comfortable you could even wear them on the plane, if we dare say. The Easy pant has an elastic waist with drawcord.",in stock,new,218 USD,easy-pant-indigo-stripe,https://cdn.shoplightspeed.com/shops/651012/files/70123149/screenshot-2025-04-16-at-44527pm.png,"{'resource': {'id': 3192429, 'url': 'brands/3192429', 'link': 'https://api.shoplightspeed.com/us/brands/3192429.json'}}",1,XS,66931055
112483010,Classic Sweatshirt-Peace Out- Apricot,"The Classic sweatshirt is made from our most popular vintage fleece, and is truly as soft and cozy as it gets. We love it here with our ‘peace out graphic.’ Style with the Classic jogger to complete the set.",in stock,new,178 USD,classic-sweatshirt-peace-out-apricot,https://cdn.shoplightspeed.com/shops/651012/files/70123098/screenshot-2025-04-16-at-43841pm.png,"{'resource': {'id': 3192429, 'url': 'brands/3192429', 'link': 'https://api.shoplightspeed.com/us/brands/3192429.json'}}",1,L,66931003
112483004,Classic Sweatshirt-Peace Out- Apricot,"The Classic sweatshirt is made from our most popular vintage fleece, and is truly as soft and cozy as it gets. We love it here with our ‘peace out graphic.’ Style with the Classic jogger to complete the set.",in stock,new,178 USD,classic-sweatshirt-peace-out-apricot,https://cdn.shoplightspeed.com/shops/651012/files/70123098/screenshot-2025-04-16-at-43841pm.png,"{'resource': {'id': 3192429, 'url': 'brands/3192429', 'link': 'https://api.shoplightspeed.com/us/brands/3192429.json'}}",1,M,66931003
112482996,Classic Sweatshirt-Peace Out- Apricot,"The Classic sweatshirt is made from our most popular vintage fleece, and is truly as soft and cozy as it gets. We love it here with our ‘peace out graphic.’ Style with the Classic jogger to complete the set.",in stock,new,178 USD,classic-sweatshirt-peace-out-apricot,https://cdn.shoplightspeed.com/shops/651012/files/70123098/screenshot-2025-04-16-at-43841pm.png,"{'resource': {'id': 3192429, 'url': 'brands/3192429', 'link': 'https://api.shoplightspeed.com/us/brands/3192429.json'}}",2,S,66931003
112437279,Spacedye Slim Racerback Crop Tank,"A cropped active tank made from our signature performance fabric featuring UPF 50+ protection, built-in bra offering medium support and soft straps that never dig in.",in stock,new,68 USD,spacedye-slim-racerback-crop-tank,https://cdn.shoplightspeed.com/shops/651012/files/70077821/sd4382-candy-apple-red-heather-07416.webp,"{'resource': {'id': 2559290, 'url': 'brands/2559290', 'link': 'https://api.shoplightspeed.com/us/brands/2559290.json'}}",1,L,66905986
112437275,Spacedye Slim Racerback Crop Tank,"A cropped active tank made from our signature performance fabric featuring UPF 50+ protection, built-in bra offering medium support and soft straps that never dig in.",in stock,new,68 USD,spacedye-slim-racerback-crop-tank,https://cdn.shoplightspeed.com/shops/651012/files/70077821/sd4382-candy-apple-red-heather-07416.webp,"{'resource': {'id': 2559290, 'url': 'brands/2559290', 'link': 'https://api.shoplightspeed.com/us/brands/2559290.json'}}",2,M,66905986
112437271,Spacedye Slim Racerback Crop Tank,"A cropped active tank made from our signature performance fabric featuring UPF 50+ protection, built-in bra offering medium support and soft straps that never dig in.",in stock,new,68 USD,spacedye-slim-racerback-crop-tank,https://cdn.shoplightspeed.com/shops/651012/files/70077821/sd4382-candy-apple-red-heather-07416.webp,"{'resource': {'id': 2559290, 'url': 'brands/2559290', 'link': 'https://api.shoplightspeed.com/us/brands/2559290.json'}}",1,S,66905986
112437266,Spacedye Slim Racerback Crop Tank,"A cropped active tank made from our signature performance fabric featuring UPF 50+ protection, built-in bra offering medium support and soft straps that never dig in.",in stock,new,68 USD,spacedye-slim-racerback-crop-tank,https://cdn.shoplightspeed.com/shops/651012/files/70077821/sd4382-candy-apple-red-heather-07416.webp,"{'resource': {'id': 2559290, 'url': 'brands/2559290', 'link': 'https://api.shoplightspeed.com/us/brands/2559290.json'}}",0,XS,66905986
112436920,Spacedye On The Up Crop Tank,,in stock,new,74 USD,spacedye-on-the-up-crop-tank,https://cdn.shoplightspeed.com/shops/651012/files/70077455/sd4712-darkest-night-16036.webp,"{'resource': {'id': 2559290, 'url': 'brands/2559290', 'link': 'https://api.shoplightspeed.com/us/brands/2559290.json'}}",1,L,66905810
112436916,Spacedye On The Up Crop Tank,,in stock,new,74 USD,spacedye-on-the-up-crop-tank,https://cdn.shoplightspeed.com/shops/651012/files/70077455/sd4712-darkest-night-16036.webp,"{'resource': {'id': 2559290, 'url': 'brands/2559290', 'link': 'https://api.shoplightspeed.com/us/brands/2559290.json'}}",0,M,66905810
112436910,Spacedye On The Up Crop Tank,,in stock,new,74 USD,spacedye-on-the-up-crop-tank,https://cdn.shoplightspeed.com/shops/651012/files/70077455/sd4712-darkest-night-16036.webp,"{'resource': {'id': 2559290, 'url': 'brands/2559290', 'link': 'https://api.shoplightspeed.com/us/brands/2559290.json'}}",2,S,66905810
112436795,Spacedye Starting Line Dress- Darkest Night,,in stock,new,128 USD,spacedye-starting-line-dress-darkest-night,https://cdn.shoplightspeed.com/shops/651012/files/70077341/sd6283-darkest-night-cloud-white-4399.webp,"{'resource': {'id': 2559290, 'url': 'brands/2559290', 'link': 'https://api.shoplightspeed.com/us/brands/2559290.json'}}",1,L,66905739
112436787,Spacedye Starting Line Dress- Darkest Night,,in stock,new,128 USD,spacedye-starting-line-dress-darkest-night,https://cdn.shoplightspeed.com/shops/651012/files/70077341/sd6283-darkest-night-cloud-white-4399.webp,"{'resource': {'id': 2559290, 'url': 'brands/2559290', 'link': 'https://api.shoplightspeed.com/us/brands/2559290.json'}}",0,M,66905739
112436782,Spacedye Starting Line Dress- Darkest Night,,in stock,new,128 USD,spacedye-starting-line-dress-darkest-night,https://cdn.shoplightspeed.com/shops/651012/files/70077341/sd6283-darkest-night-cloud-white-4399.webp,"{'resource': {'id': 2559290, 'url': 'brands/2559290', 'link': 'https://api.shoplightspeed.com/us/brands/2559290.json'}}",1,S,66905739
112436778,Spacedye Starting Line Dress- Darkest Night,,in stock,new,128 USD,spacedye-starting-line-dress-darkest-night,https://cdn.shoplightspeed.com/shops/651012/files/70077341/sd6283-darkest-night-cloud-white-4399.webp,"{'resource': {'id': 2559290, 'url': 'brands/2559290', 'link': 'https://api.shoplightspeed.com/us/brands/2559290.json'}}",1,XS,66905739
