id,title,description,availability,condition,price,link,image_link,brand,quantity_to_sell_on_facebook,size,item_group_id
114717624,Logo Stripe Quarter Sock- Dark Cherry,Add a touch of vintage sport to your workout. These retro inspired quarter length socks are a throwback to those striped athletic tube socks you wore in high school gym class.,in stock,new,25 USD,https://www.twinlion.co/logo-stripe-quarter-sock-dark-cherry.html,https://cdn.shoplightspeed.com/shops/651012/files/72232060/screenshot-2025-09-12-at-45453pm.png,N/A,6,One size,68178527
114717567,Harris Sherpa Jacket- Indigo/Dark Cherry,Spilts59's full zip sherpa jacket is a luxe warm outer layer to add to your wardrobe. Perfect to put on for chilly mornings workouts or coffee runs.,in stock,new,198 USD,https://www.twinlion.co/harris-sherpa-jacket-indigo-dark-cherry.html,https://cdn.shoplightspeed.com/shops/651012/files/72243228/25-harris-sherpa-jacket-indigo-dark-cherry-i9213-0.webp,N/A,2,S,68178482
114717564,Harris Sherpa Jacket- Indigo/Dark Cherry,Spilts59's full zip sherpa jacket is a luxe warm outer layer to add to your wardrobe. Perfect to put on for chilly mornings workouts or coffee runs.,in stock,new,198 USD,https://www.twinlion.co/harris-sherpa-jacket-indigo-dark-cherry.html,https://cdn.shoplightspeed.com/shops/651012/files/72243228/25-harris-sherpa-jacket-indigo-dark-cherry-i9213-0.webp,N/A,1,M,68178482
114717517,Harris Sherpa Jacket-  Black,Spilts 59's full zip sherpa jacket is a luxe warm outer layer to add to your wardrobe. Perfect to put on for chilly mornings workouts or coffee runs.,in stock,new,198 USD,https://www.twinlion.co/harris-sherpa-jacket-black.html,https://cdn.shoplightspeed.com/shops/651012/files/72243208/13-harrissherpajacket-black-i9213-051.webp,N/A,1,M,68178437
114717510,Harris Sherpa Jacket-  Black,Spilts 59's full zip sherpa jacket is a luxe warm outer layer to add to your wardrobe. Perfect to put on for chilly mornings workouts or coffee runs.,in stock,new,198 USD,https://www.twinlion.co/harris-sherpa-jacket-black.html,https://cdn.shoplightspeed.com/shops/651012/files/72243208/13-harrissherpajacket-black-i9213-051.webp,N/A,1,L,68178437
114717504,Harris Sherpa Jacket-  Black,Spilts 59's full zip sherpa jacket is a luxe warm outer layer to add to your wardrobe. Perfect to put on for chilly mornings workouts or coffee runs.,in stock,new,198 USD,https://www.twinlion.co/harris-sherpa-jacket-black.html,https://cdn.shoplightspeed.com/shops/651012/files/72243208/13-harrissherpajacket-black-i9213-051.webp,N/A,1,S,68178437
114716794,Amber Airweight High Waist- Indigo/Honey,The classic high waist Airweight legging is elevated even further with a contrast color side stripe.,in stock,new,128 USD,https://www.twinlion.co/amber-airweight-high-waist-indigo-honey.html,https://cdn.shoplightspeed.com/shops/651012/files/72231587/screenshot-2025-09-12-at-34736pm.png,N/A,1,L,68177910
114716791,Amber Airweight High Waist- Indigo/Honey,The classic high waist Airweight legging is elevated even further with a contrast color side stripe.,in stock,new,128 USD,https://www.twinlion.co/amber-airweight-high-waist-indigo-honey.html,https://cdn.shoplightspeed.com/shops/651012/files/72231587/screenshot-2025-09-12-at-34736pm.png,N/A,2,M,68177910
114716788,Amber Airweight High Waist- Indigo/Honey,The classic high waist Airweight legging is elevated even further with a contrast color side stripe.,in stock,new,128 USD,https://www.twinlion.co/amber-airweight-high-waist-indigo-honey.html,https://cdn.shoplightspeed.com/shops/651012/files/72231587/screenshot-2025-09-12-at-34736pm.png,N/A,2,S,68177910
114742775,Clare High Waist Rigor 7/8- Dark Cherry/Creme,A single bold stripe from hip to ankle is the signature style of Spilts 59's Clare High Waist legging. Constructed in their high performance Rigor fabric for maximum endurance.,in stock,new,128 USD,https://www.twinlion.co/clare-high-waist-rigor-7-8-dark-cherry-creme.html,https://cdn.shoplightspeed.com/shops/651012/files/72230457/screenshot-2025-09-12-at-41026pm.png,N/A,1,S,68177323
114715960,Clare High Waist Rigor 7/8- Dark Cherry/Creme,A single bold stripe from hip to ankle is the signature style of Spilts 59's Clare High Waist legging. Constructed in their high performance Rigor fabric for maximum endurance.,in stock,new,128 USD,https://www.twinlion.co/clare-high-waist-rigor-7-8-dark-cherry-creme.html,https://cdn.shoplightspeed.com/shops/651012/files/72230457/screenshot-2025-09-12-at-41026pm.png,N/A,1,L,68177323
114715954,Clare High Waist Rigor 7/8- Dark Cherry/Creme,A single bold stripe from hip to ankle is the signature style of Spilts 59's Clare High Waist legging. Constructed in their high performance Rigor fabric for maximum endurance.,in stock,new,128 USD,https://www.twinlion.co/clare-high-waist-rigor-7-8-dark-cherry-creme.html,https://cdn.shoplightspeed.com/shops/651012/files/72230457/screenshot-2025-09-12-at-41026pm.png,N/A,2,M,68177323
114715041,Brooks Fleece Long Sleeve Sweatshirt- Dark Cherry,"S59's raglan sleeve crewneck in a long sleeve pullover that is soft, versatile and ultra-flattering. Semi cropped length hits just above the hip.",in stock,new,118 USD,https://www.twinlion.co/brooks-fleece-long-sleeve-sweatshirt-dark-cherry.html,https://cdn.shoplightspeed.com/shops/651012/files/72243117/20-brooks-fleece-long-sleeve-sweatshirt-dark-cherr.webp,N/A,1,L,68176779
114715039,Brooks Fleece Long Sleeve Sweatshirt- Dark Cherry,"S59's raglan sleeve crewneck in a long sleeve pullover that is soft, versatile and ultra-flattering. Semi cropped length hits just above the hip.",in stock,new,118 USD,https://www.twinlion.co/brooks-fleece-long-sleeve-sweatshirt-dark-cherry.html,https://cdn.shoplightspeed.com/shops/651012/files/72243117/20-brooks-fleece-long-sleeve-sweatshirt-dark-cherr.webp,N/A,2,M,68176779
114715024,Brooks Fleece Long Sleeve Sweatshirt- Dark Cherry,"S59's raglan sleeve crewneck in a long sleeve pullover that is soft, versatile and ultra-flattering. Semi cropped length hits just above the hip.",in stock,new,118 USD,https://www.twinlion.co/brooks-fleece-long-sleeve-sweatshirt-dark-cherry.html,https://cdn.shoplightspeed.com/shops/651012/files/72243117/20-brooks-fleece-long-sleeve-sweatshirt-dark-cherr.webp,N/A,1,XS,68176779
114714482,Raquel High Waist Supplex Flare 30- Black/Creme,"The new Raquel High Waist Flare shapes the waist line, elongates and slims on the body. ",in stock,new,134 USD,https://www.twinlion.co/raquel-high-waist-supplex-flare-30-black-creme.html,https://cdn.shoplightspeed.com/shops/651012/files/72229469/screenshot-2025-09-12-at-34320pm.png,N/A,1,XS,68176389
114714479,Raquel High Waist Supplex Flare 30- Black/Creme,"The new Raquel High Waist Flare shapes the waist line, elongates and slims on the body. ",in stock,new,134 USD,https://www.twinlion.co/raquel-high-waist-supplex-flare-30-black-creme.html,https://cdn.shoplightspeed.com/shops/651012/files/72229469/screenshot-2025-09-12-at-34320pm.png,N/A,2,S,68176389
114714466,Raquel High Waist Supplex Flare 30- Black/Creme,"The new Raquel High Waist Flare shapes the waist line, elongates and slims on the body. ",in stock,new,134 USD,https://www.twinlion.co/raquel-high-waist-supplex-flare-30-black-creme.html,https://cdn.shoplightspeed.com/shops/651012/files/72229469/screenshot-2025-09-12-at-34320pm.png,N/A,1,M,68176389
114605427,Lori Reversible Gilet- Ash Taupe/Birch,"The perfect layering piece to wear over chunky knits, the Lori is reversible for versatile styling options.",in stock,new,188 USD,https://www.twinlion.co/lori-reversible-gilet-ash-taupe-birch.html,https://cdn.shoplightspeed.com/shops/651012/files/72124829/screenshot-2025-06-25-at-25707pm.png,N/A,1,S,68123453
114605424,Lori Reversible Gilet- Ash Taupe/Birch,"The perfect layering piece to wear over chunky knits, the Lori is reversible for versatile styling options.",in stock,new,188 USD,https://www.twinlion.co/lori-reversible-gilet-ash-taupe-birch.html,https://cdn.shoplightspeed.com/shops/651012/files/72124829/screenshot-2025-06-25-at-25707pm.png,N/A,1,M,68123453
114605419,Lori Reversible Gilet- Ash Taupe/Birch,"The perfect layering piece to wear over chunky knits, the Lori is reversible for versatile styling options.",in stock,new,188 USD,https://www.twinlion.co/lori-reversible-gilet-ash-taupe-birch.html,https://cdn.shoplightspeed.com/shops/651012/files/72124829/screenshot-2025-06-25-at-25707pm.png,N/A,2,XS,68123453
114605416,Spencer Sock- Egret/Golden Bronze,"Soft, plush and supremely comfortable stripe socks perfect for cooler weather and padding around the house.",in stock,new,22 USD,https://www.twinlion.co/spencer-sock-egret-golden-bronze.html,https://cdn.shoplightspeed.com/shops/651012/files/72124825/screenshot-2025-06-25-at-22544pm.png,N/A,3,One size,68123452
114605413,Spencer Sock Marl- Charcoal Marl,"Soft, plush and supremely comfortable stripe socks perfect for cooler weather and padding around the house.",in stock,new,22 USD,https://www.twinlion.co/spencer-sock-marl-charcoal-marl.html,https://cdn.shoplightspeed.com/shops/651012/files/72124821/screenshot-2025-06-25-at-24656pm.png,N/A,3,One size,68123451
114605406,Spencer Sock Marl- Sand Marl,"Soft, plush and supremely comfortable stripe socks perfect for cooler weather and padding around the house.",in stock,new,22 USD,https://www.twinlion.co/spencer-sock-marl-sand-marl.html,https://cdn.shoplightspeed.com/shops/651012/files/72124817/screenshot-2025-06-25-at-25234pm.png,N/A,3,One size,68123449
114605402,Spencer Sock Marl- Acorn Marl,"Soft, plush and supremely comfortable stripe socks perfect for cooler weather and padding around the house.",in stock,new,22 USD,https://www.twinlion.co/spencer-sock-marl-acorn-marl.html,https://cdn.shoplightspeed.com/shops/651012/files/72124814/screenshot-2025-06-25-at-25528pm.png,N/A,2,One size,68123448
114605393,The Wide Leg Pant 28- Coffee Bean Marl,"Experience unmatched comfort and style in these DoubleSoft® pants. Featuring a high-rise waist, wide-leg silhouette, elasticated waist with internal drawcord, and elegant pintuck detailing, they're a versatile wardrobe essential.",in stock,new,132 USD,https://www.twinlion.co/the-wide-leg-pant-28-coffee-bean-marl.html,https://cdn.shoplightspeed.com/shops/651012/files/72124808/screenshot-2025-06-25-at-24219pm.png,N/A,1,XS,68123447
114605368,Sally Half Zip Sweat- Coffee Bean Marl,The weekend is calling in this relaxed drop-shoulder sweatshirt elevated with a high-shine half zip and anchored by soft ribbing.,in stock,new,158 USD,https://www.twinlion.co/sally-half-zip-sweat-coffee-bean-marl.html,https://cdn.shoplightspeed.com/shops/651012/files/72124800/screenshot-2025-06-25-at-31446pm.png,N/A,1,S,68123440
114605358,Martina High Neck Rib Knit- Cement,The Martina is a rib knit sweater crafted from a Soft Viscose blend for ultimate comfort and softness. It is cut to a relaxed fit with deep raglan armholes and a bit of extra volume through the sleeves for a contemporary look.,in stock,new,158 USD,https://www.twinlion.co/martina-high-neck-rib-knit-cement.html,https://cdn.shoplightspeed.com/shops/651012/files/72124781/screenshot-2025-06-25-at-31048pm.png,N/A,1,M,68123433
114605357,Martina High Neck Rib Knit- Cement,The Martina is a rib knit sweater crafted from a Soft Viscose blend for ultimate comfort and softness. It is cut to a relaxed fit with deep raglan armholes and a bit of extra volume through the sleeves for a contemporary look.,in stock,new,158 USD,https://www.twinlion.co/martina-high-neck-rib-knit-cement.html,https://cdn.shoplightspeed.com/shops/651012/files/72124781/screenshot-2025-06-25-at-31048pm.png,N/A,1,S,68123433
114605352,Martina High Neck Rib Knit- Cement,The Martina is a rib knit sweater crafted from a Soft Viscose blend for ultimate comfort and softness. It is cut to a relaxed fit with deep raglan armholes and a bit of extra volume through the sleeves for a contemporary look.,in stock,new,158 USD,https://www.twinlion.co/martina-high-neck-rib-knit-cement.html,https://cdn.shoplightspeed.com/shops/651012/files/72124781/screenshot-2025-06-25-at-31048pm.png,N/A,1,XS,68123433
114605349,Lenni Half Crew Sock- White/Black,"Stylish and comfortable, the Lenni is an everyday sock in a soft organic cotton blend.",in stock,new,20 USD,https://www.twinlion.co/lenni-half-crew-sock-white-black.html,https://cdn.shoplightspeed.com/shops/651012/files/72124779/screenshot-2025-06-25-at-30051pm.png,N/A,1,One size,68123432
114605345,Lenni Half Crew Sock- White/Blue Nights,"Stylish and comfortable, the Lenni is an everyday sock in a soft organic cotton blend.",in stock,new,20 USD,https://www.twinlion.co/lenni-half-crew-sock-white-blue-nights.html,https://cdn.shoplightspeed.com/shops/651012/files/72124777/screenshot-2025-06-25-at-30840pm.png,N/A,3,One size,68123430
114605342,Lenni Half Crew Sock- Desert Taupe,"Stylish and comfortable, the Lenni is an everyday sock in a soft organic cotton blend.",in stock,new,20 USD,https://www.twinlion.co/lenni-half-crew-sock-desert-taupe.html,https://cdn.shoplightspeed.com/shops/651012/files/72124775/screenshot-2025-06-25-at-30942pm.png,N/A,3,One size,68123429
114447118,Cleo Cover Up Dress- Black,A cover-up and a dress in one? Meet the Cleo. This bell-sleeved beauty brings a mini length silhouette and keyhole back. Wear her with sandals for day or throw on some heels for a night on the town.,in stock,new,136 USD,https://www.twinlion.co/cleo-cover-up-dress-black.html,https://cdn.shoplightspeed.com/shops/651012/files/71977012/screenshot-2025-08-29-at-103732am.png,N/A,1,XS,68037457
114447117,Cleo Cover Up Dress- Black,A cover-up and a dress in one? Meet the Cleo. This bell-sleeved beauty brings a mini length silhouette and keyhole back. Wear her with sandals for day or throw on some heels for a night on the town.,in stock,new,136 USD,https://www.twinlion.co/cleo-cover-up-dress-black.html,https://cdn.shoplightspeed.com/shops/651012/files/71977012/screenshot-2025-08-29-at-103732am.png,N/A,1,S,68037457
114447116,Cleo Cover Up Dress- Black,A cover-up and a dress in one? Meet the Cleo. This bell-sleeved beauty brings a mini length silhouette and keyhole back. Wear her with sandals for day or throw on some heels for a night on the town.,in stock,new,136 USD,https://www.twinlion.co/cleo-cover-up-dress-black.html,https://cdn.shoplightspeed.com/shops/651012/files/71977012/screenshot-2025-08-29-at-103732am.png,N/A,1,M,68037457
114447111,Cleo Cover Up Dress- Black,A cover-up and a dress in one? Meet the Cleo. This bell-sleeved beauty brings a mini length silhouette and keyhole back. Wear her with sandals for day or throw on some heels for a night on the town.,in stock,new,136 USD,https://www.twinlion.co/cleo-cover-up-dress-black.html,https://cdn.shoplightspeed.com/shops/651012/files/71977012/screenshot-2025-08-29-at-103732am.png,N/A,1,L,68037457
114447072,Cleo Cover Up Dress- Cream,A cover-up and a dress in one? Meet the Cleo. This bell-sleeved beauty brings a mini length silhouette and keyhole back. Wear her with sandals for day or throw on some heels for a night on the town.,in stock,new,136 USD,https://www.twinlion.co/cleo-cover-up-dress-cream.html,https://cdn.shoplightspeed.com/shops/651012/files/71976929/screenshot-2025-08-29-at-103256am.png,N/A,1,M,68037417
114447065,Cleo Cover Up Dress- Cream,A cover-up and a dress in one? Meet the Cleo. This bell-sleeved beauty brings a mini length silhouette and keyhole back. Wear her with sandals for day or throw on some heels for a night on the town.,in stock,new,136 USD,https://www.twinlion.co/cleo-cover-up-dress-cream.html,https://cdn.shoplightspeed.com/shops/651012/files/71976929/screenshot-2025-08-29-at-103256am.png,N/A,1,S,68037417
114447054,Cleo Cover Up Dress- Cream,A cover-up and a dress in one? Meet the Cleo. This bell-sleeved beauty brings a mini length silhouette and keyhole back. Wear her with sandals for day or throw on some heels for a night on the town.,in stock,new,136 USD,https://www.twinlion.co/cleo-cover-up-dress-cream.html,https://cdn.shoplightspeed.com/shops/651012/files/71976929/screenshot-2025-08-29-at-103256am.png,N/A,1,XS,68037417
114446993,Raveena Dress- Black,"The Raveena is a cotton poplin dress with adjustable spaghetti straps, a smocked back panel and voluminous skirt.",in stock,new,165 USD,https://www.twinlion.co/raveena-dress-black.html,https://cdn.shoplightspeed.com/shops/651012/files/71976848/screenshot-2025-08-29-at-102653am.png,N/A,1,L,68037359
114446990,Raveena Dress- Black,"The Raveena is a cotton poplin dress with adjustable spaghetti straps, a smocked back panel and voluminous skirt.",in stock,new,165 USD,https://www.twinlion.co/raveena-dress-black.html,https://cdn.shoplightspeed.com/shops/651012/files/71976848/screenshot-2025-08-29-at-102653am.png,N/A,1,M,68037359
114446987,Raveena Dress- Black,"The Raveena is a cotton poplin dress with adjustable spaghetti straps, a smocked back panel and voluminous skirt.",in stock,new,165 USD,https://www.twinlion.co/raveena-dress-black.html,https://cdn.shoplightspeed.com/shops/651012/files/71976848/screenshot-2025-08-29-at-102653am.png,N/A,1,XS,68037359
114446917,Abbey Rollup,The Abbey features embroidered flower detailing and an oversized visor.,in stock,new,88 USD,https://www.twinlion.co/abbey-rollup.html,https://cdn.shoplightspeed.com/shops/651012/files/71976793/screenshot-2025-08-29-at-102429am.png,N/A,3,One size,68037312
114401367,Moto Roma Pant- Black,"Highwaisted pant with elasticated waist in The Upside's lenzing viscose fabrication
Knitted racetrack tape in cream and black
Invisible zip at hems to be worn open or closed
Diamond embroidered logo patch at back
Front and back pockets",in stock,new,199.99 USD,https://www.twinlion.co/moto-roma-pant-black.html,https://cdn.shoplightspeed.com/shops/651012/files/71944588/screenshot-2025-08-27-at-33103pm.png,N/A,1,XS,68010351
114401354,Moto Roma Pant- Black,"Highwaisted pant with elasticated waist in The Upside's lenzing viscose fabrication
Knitted racetrack tape in cream and black
Invisible zip at hems to be worn open or closed
Diamond embroidered logo patch at back
Front and back pockets",in stock,new,199.99 USD,https://www.twinlion.co/moto-roma-pant-black.html,https://cdn.shoplightspeed.com/shops/651012/files/71944588/screenshot-2025-08-27-at-33103pm.png,N/A,1,S,68010351
114401345,Moto Roma Pant- Black,"Highwaisted pant with elasticated waist in The Upside's lenzing viscose fabrication
Knitted racetrack tape in cream and black
Invisible zip at hems to be worn open or closed
Diamond embroidered logo patch at back
Front and back pockets",in stock,new,199.99 USD,https://www.twinlion.co/moto-roma-pant-black.html,https://cdn.shoplightspeed.com/shops/651012/files/71944588/screenshot-2025-08-27-at-33103pm.png,N/A,1,M,68010351
114400351,Moto Kasia Zip Through Jacket- Black,"Zip through jacket in soft suiting lenzing fabrication in black
Knitted racetrack tape in cream and black
Welt pockets
Ribbed hem, cuff and collar
Diamond embroidered logo patch at back",in stock,new,199.99 USD,https://www.twinlion.co/moto-kasia-zip-through-jacket-black.html,https://cdn.shoplightspeed.com/shops/651012/files/71958052/usw325066-black-thumbnail01-42652.jpg,N/A,1,XS,68009625
114400349,Moto Kasia Zip Through Jacket- Black,"Zip through jacket in soft suiting lenzing fabrication in black
Knitted racetrack tape in cream and black
Welt pockets
Ribbed hem, cuff and collar
Diamond embroidered logo patch at back",in stock,new,199.99 USD,https://www.twinlion.co/moto-kasia-zip-through-jacket-black.html,https://cdn.shoplightspeed.com/shops/651012/files/71958052/usw325066-black-thumbnail01-42652.jpg,N/A,1,S,68009625
114400336,Moto Kasia Zip Through Jacket- Black,"Zip through jacket in soft suiting lenzing fabrication in black
Knitted racetrack tape in cream and black
Welt pockets
Ribbed hem, cuff and collar
Diamond embroidered logo patch at back",in stock,new,199.99 USD,https://www.twinlion.co/moto-kasia-zip-through-jacket-black.html,https://cdn.shoplightspeed.com/shops/651012/files/71958052/usw325066-black-thumbnail01-42652.jpg,N/A,1,M,68009625
114400228,Espada Talia Knit Sweater- Natural,"Chunky organic cotton cable knit sweater
Crew neck shape in off white
Relaxed fit with arrow logo pip at cuff
Ribbed neckline, cuff and hem",in stock,new,199.99 USD,https://www.twinlion.co/espada-talia-knit-sweater-natural.html,https://cdn.shoplightspeed.com/shops/651012/files/71943706/screenshot-2025-08-27-at-31132pm.png,N/A,1,XS,68009536
114400220,Espada Talia Knit Sweater- Natural,"Chunky organic cotton cable knit sweater
Crew neck shape in off white
Relaxed fit with arrow logo pip at cuff
Ribbed neckline, cuff and hem",in stock,new,199.99 USD,https://www.twinlion.co/espada-talia-knit-sweater-natural.html,https://cdn.shoplightspeed.com/shops/651012/files/71943706/screenshot-2025-08-27-at-31132pm.png,N/A,1,S,68009536
114400202,Espada Talia Knit Sweater- Natural,"Chunky organic cotton cable knit sweater
Crew neck shape in off white
Relaxed fit with arrow logo pip at cuff
Ribbed neckline, cuff and hem",in stock,new,199.99 USD,https://www.twinlion.co/espada-talia-knit-sweater-natural.html,https://cdn.shoplightspeed.com/shops/651012/files/71943706/screenshot-2025-08-27-at-31132pm.png,N/A,1,M,68009536
114397635,Devyn Oversized Sweatshirt- Boo Black,"Soft fleece fabric
Embroidered ""Boo"" Lettering at the shoulder
Relaxed fit with a classic crew neckline",in stock,new,118 USD,https://www.twinlion.co/devyn-oversized-sweatshirt-boo-black.html,https://cdn.shoplightspeed.com/shops/651012/files/71941753/screenshot-2025-08-27-at-20527pm.png,N/A,1,L,68008075
114397621,Devyn Oversized Sweatshirt- Boo Black,"Soft fleece fabric
Embroidered ""Boo"" Lettering at the shoulder
Relaxed fit with a classic crew neckline",in stock,new,118 USD,https://www.twinlion.co/devyn-oversized-sweatshirt-boo-black.html,https://cdn.shoplightspeed.com/shops/651012/files/71941753/screenshot-2025-08-27-at-20527pm.png,N/A,1,M,68008075
114397606,Devyn Oversized Sweatshirt- Boo Black,"Soft fleece fabric
Embroidered ""Boo"" Lettering at the shoulder
Relaxed fit with a classic crew neckline",in stock,new,118 USD,https://www.twinlion.co/devyn-oversized-sweatshirt-boo-black.html,https://cdn.shoplightspeed.com/shops/651012/files/71941753/screenshot-2025-08-27-at-20527pm.png,N/A,2,S,68008075
114385421,Spacedye Slim Racerback Cropped Tank- Dark Chocolate Heather,"A cropped active tank you can wear to the studio, or for everyday plans and always be comfortable. This yoga tank is made from performance fabric featuring UPF 50+ protection, built-in bra offering medium support, soft straps, and racerback design.",in stock,new,68 USD,https://www.twinlion.co/spacedye-slim-racerback-cropped-tank-dark-chocolat.html,https://cdn.shoplightspeed.com/shops/651012/files/71930980/screenshot-2025-08-26-at-104148pm.png,N/A,2,M,68001750
114385418,Spacedye Slim Racerback Cropped Tank- Dark Chocolate Heather,"A cropped active tank you can wear to the studio, or for everyday plans and always be comfortable. This yoga tank is made from performance fabric featuring UPF 50+ protection, built-in bra offering medium support, soft straps, and racerback design.",in stock,new,68 USD,https://www.twinlion.co/spacedye-slim-racerback-cropped-tank-dark-chocolat.html,https://cdn.shoplightspeed.com/shops/651012/files/71930980/screenshot-2025-08-26-at-104148pm.png,N/A,1,S,68001750
114385300,Luxefleece Cropped Hoodie- Dark Cherry,"Layer on comfort in the new LuxeFleece Hoodie with a relaxed fit. For extra coziness, the ribbed cuffs have thumbholes to keep the sleeves in place.",in stock,new,118 USD,https://www.twinlion.co/luxefleece-cropped-hoodie-dark-cherry.html,https://cdn.shoplightspeed.com/shops/651012/files/71930926/screenshot-2025-08-26-at-103355pm.png,N/A,1,XS,68001725
114385299,Luxefleece Cropped Hoodie- Dark Cherry,"Layer on comfort in the new LuxeFleece Hoodie with a relaxed fit. For extra coziness, the ribbed cuffs have thumbholes to keep the sleeves in place.",in stock,new,118 USD,https://www.twinlion.co/luxefleece-cropped-hoodie-dark-cherry.html,https://cdn.shoplightspeed.com/shops/651012/files/71930926/screenshot-2025-08-26-at-103355pm.png,N/A,1,S,68001725
114385296,Luxefleece Cropped Hoodie- Dark Cherry,"Layer on comfort in the new LuxeFleece Hoodie with a relaxed fit. For extra coziness, the ribbed cuffs have thumbholes to keep the sleeves in place.",in stock,new,118 USD,https://www.twinlion.co/luxefleece-cropped-hoodie-dark-cherry.html,https://cdn.shoplightspeed.com/shops/651012/files/71930926/screenshot-2025-08-26-at-103355pm.png,N/A,1,M,68001725
114385273,Featherweight Minimal Cropped Tank- Dark Chocolate Heather,"Your favorite light-as-air fabric does it again with this essential tank for everything from workouts to casual weekends. Moisture wicking for when you're in motion, with a relaxed fit for even more comfort. ",in stock,new,58 USD,https://www.twinlion.co/featherweight-minimal-cropped-tank-dark-chocolate.html,https://cdn.shoplightspeed.com/shops/651012/files/71930903/screenshot-2025-08-26-at-103050pm.png,N/A,2,M,68001717
114385272,Featherweight Minimal Cropped Tank- Dark Chocolate Heather,"Your favorite light-as-air fabric does it again with this essential tank for everything from workouts to casual weekends. Moisture wicking for when you're in motion, with a relaxed fit for even more comfort. ",in stock,new,58 USD,https://www.twinlion.co/featherweight-minimal-cropped-tank-dark-chocolate.html,https://cdn.shoplightspeed.com/shops/651012/files/71930903/screenshot-2025-08-26-at-103050pm.png,N/A,1,XS,68001717
114385271,Featherweight Minimal Cropped Tank- Dark Chocolate Heather,"Your favorite light-as-air fabric does it again with this essential tank for everything from workouts to casual weekends. Moisture wicking for when you're in motion, with a relaxed fit for even more comfort. ",in stock,new,58 USD,https://www.twinlion.co/featherweight-minimal-cropped-tank-dark-chocolate.html,https://cdn.shoplightspeed.com/shops/651012/files/71930903/screenshot-2025-08-26-at-103050pm.png,N/A,1,S,68001717
114385242,Negroni Cap- Spruce,"Featuring a classic dad hat design with fine embroidery, this cap is made from high-end 100%  cotton for a soft and comfortable feel. It also features an adjustable buckle strap to ensure a perfect fit.",in stock,new,53 USD,https://www.twinlion.co/negroni-cap-spruce.html,https://cdn.shoplightspeed.com/shops/651012/files/71930877/screenshot-2025-08-26-at-102825pm.png,N/A,2,One size,68001705
114385208,More Pasta Less Drama Cap- White,"Featuring a classic dad hat design with fine embroidery, this cap is made from high-end 100%  cotton for a soft and comfortable feel. It also features an adjustable buckle strap to ensure a perfect fit.",in stock,new,53 USD,https://www.twinlion.co/more-pasta-less-drama-cap-white.html,https://cdn.shoplightspeed.com/shops/651012/files/71930856/screenshot-2025-08-26-at-102751pm.png,N/A,1,One size,68001693
114385190,Diet Coke Cap- Cranberry,"Featuring a classic dad hat design with fine embroidery, this cap is made from high-end 100%  cotton for a soft and comfortable feel. It also features an adjustable buckle strap to ensure a perfect fit.",in stock,new,53 USD,https://www.twinlion.co/diet-coke-cap-cranberry.html,https://cdn.shoplightspeed.com/shops/651012/files/71930807/screenshot-2025-08-26-at-102346pm.png,N/A,2,One size,68001677
114385175,Bartender Cap- Black,"Featuring a classic dad hat design with fine embroidery, this cap is made from high-end 100%  cotton for a soft and comfortable feel. It also features an adjustable buckle strap to ensure a perfect fit.",in stock,new,53 USD,https://www.twinlion.co/bartender-cap-black.html,https://cdn.shoplightspeed.com/shops/651012/files/71930804/screenshot-2025-08-26-at-102153pm.png,N/A,2,One size,68001672
114385143,Aspire To Retire Cap- Spruce,"Featuring a classic dad hat design with fine embroidery, this cap is made from high-end 100%  cotton for a soft and comfortable feel. It also features an adjustable buckle strap to ensure a perfect fit.",in stock,new,53 USD,https://www.twinlion.co/aspire-to-retire-cap-spruce.html,https://cdn.shoplightspeed.com/shops/651012/files/71930781/screenshot-2025-08-26-at-102007pm.png,N/A,1,One size,68001667
114372073,Women's Varsity Ankle Grip Sock- Ivory/Green,Grip socks perfect for sticking your workout.,in stock,new,18 USD,https://www.twinlion.co/womens-varsity-ankle-grip-sock-ivory-green.html,https://cdn.shoplightspeed.com/shops/651012/files/71918106/screenshot-2025-08-26-at-20427pm.png,N/A,2,S/M,67996372
114372062,Women's Varsity Ankle Grip Sock- Ivory/Green,Grip socks perfect for sticking your workout.,in stock,new,18 USD,https://www.twinlion.co/womens-varsity-ankle-grip-sock-ivory-green.html,https://cdn.shoplightspeed.com/shops/651012/files/71918106/screenshot-2025-08-26-at-20427pm.png,N/A,2,M/L,67996372
114371906,Women's Race Ankle Grip Sock- White,Grip socks perfect for sticking your workout.,in stock,new,16 USD,https://www.twinlion.co/womens-race-ankle-grip-sock-white.html,https://cdn.shoplightspeed.com/shops/651012/files/71917981/screenshot-2025-08-26-at-20110pm.png,N/A,1,S/M,67996316
114371892,Women's Race Ankle Grip Sock- White,Grip socks perfect for sticking your workout.,in stock,new,16 USD,https://www.twinlion.co/womens-race-ankle-grip-sock-white.html,https://cdn.shoplightspeed.com/shops/651012/files/71917981/screenshot-2025-08-26-at-20110pm.png,N/A,1,M/L,67996316
114371783,Women's Posy Full Foot Grip Sock,Grip socks perfect for sticking your workout.,in stock,new,16 USD,https://www.twinlion.co/womens-posy-full-foot-grip-sock.html,https://cdn.shoplightspeed.com/shops/651012/files/71917869/screenshot-2025-08-26-at-15908pm.png,N/A,2,S/M,67996277
114371776,Women's Posy Full Foot Grip Sock,Grip socks perfect for sticking your workout.,in stock,new,16 USD,https://www.twinlion.co/womens-posy-full-foot-grip-sock.html,https://cdn.shoplightspeed.com/shops/651012/files/71917869/screenshot-2025-08-26-at-15908pm.png,N/A,1,M/L,67996277
114371680,Women's Phoebe Ankle Grip Sock,Grip socks perfect for sticking your workout.,in stock,new,16 USD,https://www.twinlion.co/womens-phoebe-ankle-grip-sock.html,https://cdn.shoplightspeed.com/shops/651012/files/71918220/screenshot-2025-08-26-at-15727pm.png,N/A,2,M/L,67996247
114371677,Women's Phoebe Ankle Grip Sock,Grip socks perfect for sticking your workout.,in stock,new,16 USD,https://www.twinlion.co/womens-phoebe-ankle-grip-sock.html,https://cdn.shoplightspeed.com/shops/651012/files/71918220/screenshot-2025-08-26-at-15727pm.png,N/A,2,S/M,67996247
114371565,Women's Heart Ankle Grip Sock- White,Grip socks perfect for sticking your workout.,in stock,new,16 USD,https://www.twinlion.co/womens-heart-ankle-grip-sock-white.html,https://cdn.shoplightspeed.com/shops/651012/files/71918194/screenshot-2025-08-26-at-15600pm.png,N/A,2,S/M,67996207
114371563,Women's Heart Ankle Grip Sock- White,Grip socks perfect for sticking your workout.,in stock,new,16 USD,https://www.twinlion.co/womens-heart-ankle-grip-sock-white.html,https://cdn.shoplightspeed.com/shops/651012/files/71918194/screenshot-2025-08-26-at-15600pm.png,N/A,1,M/L,67996207
114332807,Carnaby Pari Zip Knit Jacket- White,A zip through sports jacket with knitted blue stripes down the sleeves and welt pockets. Designed for walking and recovery.,in stock,new,143.99 USD,https://www.twinlion.co/carnaby-pari-zip-knit-jacket-white-67977836.html,https://cdn.shoplightspeed.com/shops/651012/files/71879552/screenshot-2025-04-18-at-104058am.png,N/A,1,M,67977836
114332806,Carnaby Pari Zip Knit Jacket- White,A zip through sports jacket with knitted blue stripes down the sleeves and welt pockets. Designed for walking and recovery.,in stock,new,143.99 USD,https://www.twinlion.co/carnaby-pari-zip-knit-jacket-white-67977836.html,https://cdn.shoplightspeed.com/shops/651012/files/71879552/screenshot-2025-04-18-at-104058am.png,N/A,1,S,67977836
114332804,Carnaby Pari Zip Knit Jacket- White,A zip through sports jacket with knitted blue stripes down the sleeves and welt pockets. Designed for walking and recovery.,in stock,new,143.99 USD,https://www.twinlion.co/carnaby-pari-zip-knit-jacket-white-67977836.html,https://cdn.shoplightspeed.com/shops/651012/files/71879552/screenshot-2025-04-18-at-104058am.png,N/A,1,XS,67977836
114331893,Kristen Rain Coat- Dark Truffle,"Fully waterproof and dramatically oversized, the Kirsten raincoat is a bold yet practical style statement.",in stock,new,320 USD,https://www.twinlion.co/kristen-rain-coat-dark-truffle.html,https://cdn.shoplightspeed.com/shops/651012/files/71879443/9584ece176a09c967386a9152f824f8470c021ab-var01423.webp,N/A,1,S,67977414
114331885,Kristen Rain Coat- Dark Truffle,"Fully waterproof and dramatically oversized, the Kirsten raincoat is a bold yet practical style statement.",in stock,new,320 USD,https://www.twinlion.co/kristen-rain-coat-dark-truffle.html,https://cdn.shoplightspeed.com/shops/651012/files/71879443/9584ece176a09c967386a9152f824f8470c021ab-var01423.webp,N/A,1,XXS,67977414
114311381,Tademark Hat- Natural,"Crafted with high-quality nylon material, these hats are not only stylish but also durable, making them perfect for everyday wear or your next adventure.",in stock,new,45 USD,https://www.twinlion.co/tademark-hat-natural.html,https://cdn.shoplightspeed.com/shops/651012/files/71859810/screenshot-2025-08-22-at-113611am.png,N/A,3,One size,67968114
114311307,Track Hat- Khaki Nylon,"Crafted with high-quality nylon material, these hats are not only stylish but also durable, making them perfect for everyday wear or your next adventure.",in stock,new,43 USD,https://www.twinlion.co/track-hat-khaki-nylon.html,https://cdn.shoplightspeed.com/shops/651012/files/71859744/screenshot-2025-08-22-at-113416am.png,N/A,4,One size,67968079
114311227,Varsity Hat - Washed Green,"This laid-back staple features a low-profile crown, curved brim, and adjustable strap for a custom fit. Whether you’re heading to the gym, the coffee shop, or anywhere in between, it adds a timeless, athletic touch to your everyday look.",in stock,new,42 USD,https://www.twinlion.co/varsity-hat-washed-green.html,https://cdn.shoplightspeed.com/shops/651012/files/71859672/screenshot-2025-08-22-at-113200am.png,N/A,5,One size,67968043
114185786,Women's Happy Ankle Runner Grip Sock- Pink,"Featuring a cute pattern, these socks offer no-slip grips and comfort for every step.",in stock,new,18 USD,https://www.twinlion.co/womens-happy-ankle-runner-grip-sock-pink.html,https://cdn.shoplightspeed.com/shops/651012/files/71762833/screenshot-2025-08-18-at-95807am.png,N/A,2,M/L,67891645
114185782,Women's Happy Ankle Runner Grip Sock- Pink,"Featuring a cute pattern, these socks offer no-slip grips and comfort for every step.",in stock,new,18 USD,https://www.twinlion.co/womens-happy-ankle-runner-grip-sock-pink.html,https://cdn.shoplightspeed.com/shops/651012/files/71762833/screenshot-2025-08-18-at-95807am.png,N/A,2,S/M,67891645
114185769,Women's Betsy Full Foot Grip Sock- Pink,"Featuring a cute pattern, these socks offer no-slip grips and comfort for every step.",in stock,new,16 USD,https://www.twinlion.co/womens-betsy-full-foot-grip-sock-pink.html,https://cdn.shoplightspeed.com/shops/651012/files/71762808/screenshot-2025-08-18-at-95512am.png,N/A,2,S/M,67891634
114185768,Women's Betsy Full Foot Grip Sock- Pink,"Featuring a cute pattern, these socks offer no-slip grips and comfort for every step.",in stock,new,16 USD,https://www.twinlion.co/womens-betsy-full-foot-grip-sock-pink.html,https://cdn.shoplightspeed.com/shops/651012/files/71762808/screenshot-2025-08-18-at-95512am.png,N/A,2,M/L,67891634
114185763,Women's Betsy Full Foot Grip Sock- Ivory,"Featuring a cute pattern, these socks offer no-slip grips and comfort for every step.",in stock,new,16 USD,https://www.twinlion.co/womens-betsy-full-foot-grip-sock.html,https://cdn.shoplightspeed.com/shops/651012/files/71762786/screenshot-2025-08-18-at-95319am.png,N/A,2,M/L,67891628
114185760,Women's Betsy Full Foot Grip Sock- Ivory,"Featuring a cute pattern, these socks offer no-slip grips and comfort for every step.",in stock,new,16 USD,https://www.twinlion.co/womens-betsy-full-foot-grip-sock.html,https://cdn.shoplightspeed.com/shops/651012/files/71762786/screenshot-2025-08-18-at-95319am.png,N/A,1,S/M,67891628
114185723,Women's Berry Full Foot Grip Sock,"Featuring a cute pattern, these socks offer no-slip grips and comfort for every step.",in stock,new,16 USD,https://www.twinlion.co/womens-berry-full-foot-grip-sock.html,https://cdn.shoplightspeed.com/shops/651012/files/71762745/screenshot-2025-08-18-at-94452am.png,N/A,2,M/L,67891606
114185722,Women's Berry Full Foot Grip Sock,"Featuring a cute pattern, these socks offer no-slip grips and comfort for every step.",in stock,new,16 USD,https://www.twinlion.co/womens-berry-full-foot-grip-sock.html,https://cdn.shoplightspeed.com/shops/651012/files/71762745/screenshot-2025-08-18-at-94452am.png,N/A,1,S/M,67891606
114185680,Women's Annie Ankle Grip Sock,"Featuring a cute pattern, these socks offer no-slip grips and comfort for every step.",in stock,new,18 USD,https://www.twinlion.co/womens-annie-ankle-grip-sock.html,https://cdn.shoplightspeed.com/shops/651012/files/71762668/screenshot-2025-08-18-at-94049am.png,N/A,2,M/L,67891575
114185675,Women's Annie Ankle Grip Sock,"Featuring a cute pattern, these socks offer no-slip grips and comfort for every step.",in stock,new,18 USD,https://www.twinlion.co/womens-annie-ankle-grip-sock.html,https://cdn.shoplightspeed.com/shops/651012/files/71762668/screenshot-2025-08-18-at-94049am.png,N/A,2,S/M,67891575
114174972,Ipanema Miyuki Bracelet- Seafoam,Dainty beaded bracelet with an adjustable pull tie closer to fit any wrist. Mix match stack and create your look!,in stock,new,14 USD,https://www.twinlion.co/ipanema-miyuki-bracelet-seafoam.html,https://cdn.shoplightspeed.com/shops/651012/files/71751288/296f2b998e115776047d7197ad0a7dbcfbecfdbbaffd920e14.webp,N/A,2,One size,67886197
114174966,Ipanema Miyuki Bracelet- Hunter Green,Dainty beaded bracelet with an adjustable pull tie closer to fit any wrist. Mix match stack and create your look!,in stock,new,14 USD,https://www.twinlion.co/ipanema-miyuki-bracelet-hunter-green.html,https://cdn.shoplightspeed.com/shops/651012/files/71751303/2033d2922b9f5d0b0e5133a8a05cb78cce11d336649858d391.webp,N/A,2,One size,67886196
114174945,Ipanema Dainty Bracelet 24k Gold Plated- Yellow,Dainty beaded bracelet with an adjustable pull tie closer to fit any wrist. Mix match stack and create your look!,in stock,new,14 USD,https://www.twinlion.co/ipanema-dainty-bracelet-24k-gold-plated-yellow.html,https://cdn.shoplightspeed.com/shops/651012/files/71751485/img-3585.jpg,N/A,2,One size,67886184
114174937,Ipanema Dainty Bracelet 24k Gold Plated- White,Dainty beaded bracelet with an adjustable pull tie closer to fit any wrist. Mix match stack and create your look!,in stock,new,14 USD,https://www.twinlion.co/ipanema-dainty-bracelet-24k-gold-plated-white.html,https://cdn.shoplightspeed.com/shops/651012/files/71751422/img-3583.jpg,N/A,2,One size,67886182
114174930,Ipanema Dainty Bracelet 24k Gold Plated- Turquoise,Dainty beaded bracelet with an adjustable pull tie closer to fit any wrist. Mix match stack and create your look!,in stock,new,14 USD,https://www.twinlion.co/ipanema-dainty-bracelet-24k-gold-plated-turquoise.html,https://cdn.shoplightspeed.com/shops/651012/files/71751478/img-3589.jpg,N/A,2,One size,67886177
114174912,Ipanema Dainty Bracelet 24k Gold Plated- Sky Blue,Dainty beaded bracelet with an adjustable pull tie closer to fit any wrist. Mix match stack and create your look!,in stock,new,14 USD,https://www.twinlion.co/ipanema-dainty-bracelet-24k-gold-plated-sky-blue.html,https://cdn.shoplightspeed.com/shops/651012/files/71751418/img-3584.jpg,N/A,2,One size,67886168
114174887,Ipanema Dainty Bracelet 24K Gold Plated- Cream,Dainty beaded bracelet with an adjustable pull tie closer to fit any wrist. Mix match stack and create your look!,in stock,new,14 USD,https://www.twinlion.co/ipanema-dainty-bracelet-24k-gold-plated-cream.html,https://cdn.shoplightspeed.com/shops/651012/files/71751414/img-3586.jpg,N/A,2,One size,67886157
114174520,Ipanema Dainty Bracelet 24k Gold Plated- Black,Dainty beaded bracelet with an adjustable pull tie closer to fit any wrist. Mix match stack and create your look!,in stock,new,14 USD,https://www.twinlion.co/ipanema-dainty-bracelet-24k-gold-plated-black.html,https://cdn.shoplightspeed.com/shops/651012/files/71751405/img-3582.jpg,N/A,2,One size,67885930
114174500,Ipanema Dainty Bracelet- Charcoal,Dainty beaded bracelet with an adjustable pull tie closer to fit any wrist. Mix match stack and create your look!,in stock,new,14 USD,https://www.twinlion.co/ipanema-dainty-bracelet-charcoal.html,https://cdn.shoplightspeed.com/shops/651012/files/71751436/img-3587.jpg,N/A,2,One size,67885916
114109518,Djuna Long Sleeve- White,The Djuna Long Sleeve is the perfect option for your cool weather outdoor workouts.,in stock,new,78 USD,https://www.twinlion.co/djuna-long-sleeve-white.html,https://cdn.shoplightspeed.com/shops/651012/files/71686497/08-djunalongsleeve-white-d4208-airweightsuperhighw.webp,N/A,2,M,67852123
114109514,Djuna Long Sleeve- White,The Djuna Long Sleeve is the perfect option for your cool weather outdoor workouts.,in stock,new,78 USD,https://www.twinlion.co/djuna-long-sleeve-white.html,https://cdn.shoplightspeed.com/shops/651012/files/71686497/08-djunalongsleeve-white-d4208-airweightsuperhighw.webp,N/A,2,S,67852123
114109510,Djuna Long Sleeve- White,The Djuna Long Sleeve is the perfect option for your cool weather outdoor workouts.,in stock,new,78 USD,https://www.twinlion.co/djuna-long-sleeve-white.html,https://cdn.shoplightspeed.com/shops/651012/files/71686497/08-djunalongsleeve-white-d4208-airweightsuperhighw.webp,N/A,1,XS,67852123
114067564,Boyfriend Shirt- Stripe Indigo,"The Boyfriend shirt is a great transitional button down, featuring a relaxed, oversized fit and classic shirting details.",in stock,new,178 USD,https://www.twinlion.co/boyfriend-shirt-stripe-indigo.html,https://cdn.shoplightspeed.com/shops/651012/files/71654087/img-0081.jpg,N/A,2,S,67826158
114067559,Boyfriend Shirt- Stripe Indigo,"The Boyfriend shirt is a great transitional button down, featuring a relaxed, oversized fit and classic shirting details.",in stock,new,178 USD,https://www.twinlion.co/boyfriend-shirt-stripe-indigo.html,https://cdn.shoplightspeed.com/shops/651012/files/71654087/img-0081.jpg,N/A,1,XS,67826158
114063070,CLEAN LINES CAMI- STRAWBERRY ROAN,"Seamless and supportive, this wear-with-everything cami features a high neckline and cropped silhouette in a buttery soft stretch fabric.",in stock,new,18 USD,https://www.twinlion.co/clean-lines-cami-strawberry-roan.html,https://cdn.shoplightspeed.com/shops/651012/files/71650364/screen-shot-2023-06-26-at-43002-pm.png,N/A,1,M/L,67824286
114040906,Margot Rigor Legging- Indigo/Blush,A bold stripe with piping from waist to ankle is the signature feature of the Margot Rigor Legging. Constructed in high performance Rigor fabric for maximum endurance.,in stock,new,138 USD,https://www.twinlion.co/margot-rigor-legging-indigo-blush.html,https://cdn.shoplightspeed.com/shops/651012/files/71631529/screenshot-2025-08-08-at-71918pm.png,N/A,1,M,67810194
114040905,Margot Rigor Legging- Indigo/Blush,A bold stripe with piping from waist to ankle is the signature feature of the Margot Rigor Legging. Constructed in high performance Rigor fabric for maximum endurance.,in stock,new,138 USD,https://www.twinlion.co/margot-rigor-legging-indigo-blush.html,https://cdn.shoplightspeed.com/shops/651012/files/71631529/screenshot-2025-08-08-at-71918pm.png,N/A,1,S,67810194
114040903,Margot Rigor Legging- Indigo/Blush,A bold stripe with piping from waist to ankle is the signature feature of the Margot Rigor Legging. Constructed in high performance Rigor fabric for maximum endurance.,in stock,new,138 USD,https://www.twinlion.co/margot-rigor-legging-indigo-blush.html,https://cdn.shoplightspeed.com/shops/651012/files/71631529/screenshot-2025-08-08-at-71918pm.png,N/A,1,XS,67810194
114040830,Kiki Rib Crop- Indigo,An effortlessly easy cropped tank with a high racer front and back neckline. Super soft baby rib fabric to hug your body and layer effortlessly.,in stock,new,66 USD,https://www.twinlion.co/kiki-rib-crop-indigo.html,https://cdn.shoplightspeed.com/shops/651012/files/71631456/screenshot-2025-08-08-at-71416pm.png,N/A,2,M,67810149
114040799,Kiki Rib Crop- White,An effortlessly easy cropped tank with a high racer front and back neckline. Super soft baby rib fabric to hug your body and layer effortlessly.,in stock,new,66 USD,https://www.twinlion.co/kiki-rib-crop-white.html,https://cdn.shoplightspeed.com/shops/651012/files/71631426/screenshot-2025-08-08-at-70601pm.png,N/A,1,S,67810120
114040795,Kiki Rib Crop- White,An effortlessly easy cropped tank with a high racer front and back neckline. Super soft baby rib fabric to hug your body and layer effortlessly.,in stock,new,66 USD,https://www.twinlion.co/kiki-rib-crop-white.html,https://cdn.shoplightspeed.com/shops/651012/files/71631426/screenshot-2025-08-08-at-70601pm.png,N/A,2,M,67810120
114040763,Kiki Rib Crop- Black,An effortlessly easy cropped tank with a high racer front and back neckline. Super soft baby rib fabric to hug your body and layer effortlessly.,in stock,new,66 USD,https://www.twinlion.co/kiki-rib-crop-black.html,https://cdn.shoplightspeed.com/shops/651012/files/71631374/screenshot-2025-08-08-at-70653pm.png,N/A,1,S,67810093
114040762,Kiki Rib Crop- Black,An effortlessly easy cropped tank with a high racer front and back neckline. Super soft baby rib fabric to hug your body and layer effortlessly.,in stock,new,66 USD,https://www.twinlion.co/kiki-rib-crop-black.html,https://cdn.shoplightspeed.com/shops/651012/files/71631374/screenshot-2025-08-08-at-70653pm.png,N/A,2,M,67810093
113907572,"Linea Love Rubber Necklace 15""- Yellow Gold","- Black rubber necklace with vermeil heart shaped bar pendant
- Lobster clasp closure
- Please note: this pendant is gold plated. It should not be worn in water or to work out",in stock,new,215 USD,https://www.twinlion.co/linea-love-rubber-necklace-15-yellow-gold.html,https://cdn.shoplightspeed.com/shops/651012/files/71522345/linealoverubbernecklace-closeup.webp,N/A,2,One size,67748458
113907507,Bella Bracelet- Pearl Heart,"- 4x2mm white pearl beaded bracelet with 14k gold filled heart center bead
- Elastic stretch",in stock,new,65 USD,https://www.twinlion.co/bella-bracelet-pearl-heart.html,https://cdn.shoplightspeed.com/shops/651012/files/71511338/screenshot-2025-08-01-at-15224pm.png,N/A,2,One size,67748412
113907373,Pearly Ankle Wrap- Yellow Gold,"- 4x2mm freshwater pearl anklet
- 26"" wrap
- Elastic stretch with lobster clasp closure",in stock,new,125 USD,https://www.twinlion.co/pearly-ankle-wrap-yellow-gold.html,https://cdn.shoplightspeed.com/shops/651012/files/71511157/screenshot-2025-08-01-at-14408pm.png,N/A,4,One size,67748348
113907025,"Lenore Crystal Tennis Bracelet 6.5""- Sterling Silver","- 14k gold filled round crystal tennis bracelet
- Half bezel setting",in stock,new,95 USD,https://www.twinlion.co/lenore-crystal-tennis-bracelet-65-sterling-silver.html,https://cdn.shoplightspeed.com/shops/651012/files/71510825/screenshot-2025-08-01-at-14135pm.png,N/A,1,One size,67748185
113906919,Bella Necklace- Pearl Heart,"- 4x2mm freshwater pearls with 14k gold filled heart center
- Elastic stretch
- Lobster clasp closure",in stock,new,165 USD,https://www.twinlion.co/bella-necklace-pearl-heart.html,https://cdn.shoplightspeed.com/shops/651012/files/71510712/screenshot-2025-08-01-at-13614pm.png,N/A,1,One size,67748156
113906852,Stella Necklace- Pearl,"- 4x2mm freshwater pearls
- Elastic stretch
- Lobster clasp closure",in stock,new,155 USD,https://www.twinlion.co/stella-necklace-pearl.html,https://cdn.shoplightspeed.com/shops/651012/files/71522358/stellanecklace-wide.webp,N/A,1,One size,67748133
113813663,Sonja Fleece Sweatshirt W/ Stripe- Black,The classic Sonja sweatshirt with a chic ribbed detail at the collar.  The Sonja is a relaxed fit in luxe super soft fleece.  ,in stock,new,128 USD,https://www.twinlion.co/sonja-fleece-sweatshirt-w-stripe-black.html,https://cdn.shoplightspeed.com/shops/651012/files/71428404/screenshot-2025-07-27-at-90942pm.png,N/A,1,L,67700627
113813653,Djuna Long Sleeve- Black,Wear on it's own during colder workouts or layer it for effortless styling. ,in stock,new,78 USD,https://www.twinlion.co/djuna-long-sleeve-black.html,https://cdn.shoplightspeed.com/shops/651012/files/71428398/screenshot-2025-07-27-at-90716pm.png,N/A,3,S,67700621
113813652,Djuna Long Sleeve- Black,Wear on it's own during colder workouts or layer it for effortless styling. ,in stock,new,78 USD,https://www.twinlion.co/djuna-long-sleeve-black.html,https://cdn.shoplightspeed.com/shops/651012/files/71428398/screenshot-2025-07-27-at-90716pm.png,N/A,2,M,67700621
113813643,Djuna Long Sleeve- Graphite,Wear on it's own during colder workouts or layer it for effortless styling. ,in stock,new,78 USD,https://www.twinlion.co/djuna-long-sleeve-graphite.html,https://cdn.shoplightspeed.com/shops/651012/files/71428394/screenshot-2025-07-27-at-90424pm.png,N/A,1,S,67700617
113813626,Aster Sherpa Vest- Black,A boxy vest for chillier days.,in stock,new,148 USD,https://www.twinlion.co/aster-sherpa-vest-black.html,https://cdn.shoplightspeed.com/shops/651012/files/71428381/screenshot-2025-07-27-at-90241pm.png,N/A,1,M,67700610
114120054,Airweight Tank- Black/White,Ultra luxe Airweight is feather light and buttery soft on your skin.,in stock,new,88 USD,https://www.twinlion.co/airweight-tank-black-white.html,https://cdn.shoplightspeed.com/shops/651012/files/71428366/screenshot-2025-07-27-at-85850pm.png,N/A,1,XS,67700605
113813619,Airweight Tank- Black/White,Ultra luxe Airweight is feather light and buttery soft on your skin.,in stock,new,88 USD,https://www.twinlion.co/airweight-tank-black-white.html,https://cdn.shoplightspeed.com/shops/651012/files/71428366/screenshot-2025-07-27-at-85850pm.png,N/A,1,L,67700605
113813618,Airweight Tank- Black/White,Ultra luxe Airweight is feather light and buttery soft on your skin.,in stock,new,88 USD,https://www.twinlion.co/airweight-tank-black-white.html,https://cdn.shoplightspeed.com/shops/651012/files/71428366/screenshot-2025-07-27-at-85850pm.png,N/A,1,M,67700605
113813613,Airweight Super High Waist 7/8- Graphite,An all new extra waist version of S59's high waist Airweight legging engineered to fit every curve and flow with your workouts. Their ultra luxe Airweight fabric has a supremely soft hand and second skin comfort.,in stock,new,118 USD,https://www.twinlion.co/airweight-super-high-waist-7-8-graphite.html,https://cdn.shoplightspeed.com/shops/651012/files/71428345/screenshot-2025-07-27-at-85531pm.png,N/A,1,XS,67700602
113813611,Airweight Super High Waist 7/8- Graphite,An all new extra waist version of S59's high waist Airweight legging engineered to fit every curve and flow with your workouts. Their ultra luxe Airweight fabric has a supremely soft hand and second skin comfort.,in stock,new,118 USD,https://www.twinlion.co/airweight-super-high-waist-7-8-graphite.html,https://cdn.shoplightspeed.com/shops/651012/files/71428345/screenshot-2025-07-27-at-85531pm.png,N/A,1,M,67700602
113813609,Airweight Super High Waist 7/8- Graphite,An all new extra waist version of S59's high waist Airweight legging engineered to fit every curve and flow with your workouts. Their ultra luxe Airweight fabric has a supremely soft hand and second skin comfort.,in stock,new,118 USD,https://www.twinlion.co/airweight-super-high-waist-7-8-graphite.html,https://cdn.shoplightspeed.com/shops/651012/files/71428345/screenshot-2025-07-27-at-85531pm.png,N/A,1,L,67700602
114120036,Airweight Tank- Graphite/White,Ultra luxe Airweight is feather light and buttery soft on your skin.,in stock,new,88 USD,https://www.twinlion.co/airweight-tank-graphite-white.html,https://cdn.shoplightspeed.com/shops/651012/files/71428341/screenshot-2025-07-27-at-85403pm.png,N/A,1,XS,67700601
113813607,Airweight Tank- Graphite/White,Ultra luxe Airweight is feather light and buttery soft on your skin.,in stock,new,88 USD,https://www.twinlion.co/airweight-tank-graphite-white.html,https://cdn.shoplightspeed.com/shops/651012/files/71428341/screenshot-2025-07-27-at-85403pm.png,N/A,2,S,67700601
113813606,Airweight Tank- Graphite/White,Ultra luxe Airweight is feather light and buttery soft on your skin.,in stock,new,88 USD,https://www.twinlion.co/airweight-tank-graphite-white.html,https://cdn.shoplightspeed.com/shops/651012/files/71428341/screenshot-2025-07-27-at-85403pm.png,N/A,1,M,67700601
113813605,Airweight Tank- Graphite/White,Ultra luxe Airweight is feather light and buttery soft on your skin.,in stock,new,88 USD,https://www.twinlion.co/airweight-tank-graphite-white.html,https://cdn.shoplightspeed.com/shops/651012/files/71428341/screenshot-2025-07-27-at-85403pm.png,N/A,1,L,67700601
113809626,Blaire Rib Pant- Black,A flattering flared lounge pant in super soft modal rib. ,in stock,new,128 USD,https://www.twinlion.co/blaire-rib-pant-black.html,https://cdn.shoplightspeed.com/shops/651012/files/71423254/screenshot-2025-07-27-at-105719am.png,N/A,1,S,67698158
113809625,Blaire Rib Pant- Black,A flattering flared lounge pant in super soft modal rib. ,in stock,new,128 USD,https://www.twinlion.co/blaire-rib-pant-black.html,https://cdn.shoplightspeed.com/shops/651012/files/71423254/screenshot-2025-07-27-at-105719am.png,N/A,1,M,67698158
113809609,Raquel High Waist Supplex Flare 30- Military/White,"The Raquel High Waist Flare shapes the waist line, elongates and slims on the body. The 4-way stretch supplex fabric is supportive and opaque for a confident workout.",in stock,new,134 USD,https://www.twinlion.co/raquel-high-waist-supplex-flare-30-military-white.html,https://cdn.shoplightspeed.com/shops/651012/files/71423239/screenshot-2025-07-27-at-105355am.png,N/A,1,XS,67698144
113809608,Raquel High Waist Supplex Flare 30- Military/White,"The Raquel High Waist Flare shapes the waist line, elongates and slims on the body. The 4-way stretch supplex fabric is supportive and opaque for a confident workout.",in stock,new,134 USD,https://www.twinlion.co/raquel-high-waist-supplex-flare-30-military-white.html,https://cdn.shoplightspeed.com/shops/651012/files/71423239/screenshot-2025-07-27-at-105355am.png,N/A,1,S,67698144
113809605,Raquel High Waist Supplex Flare 30- Military/White,"The Raquel High Waist Flare shapes the waist line, elongates and slims on the body. The 4-way stretch supplex fabric is supportive and opaque for a confident workout.",in stock,new,134 USD,https://www.twinlion.co/raquel-high-waist-supplex-flare-30-military-white.html,https://cdn.shoplightspeed.com/shops/651012/files/71423239/screenshot-2025-07-27-at-105355am.png,N/A,1,M,67698144
113809592,Airweight Lite LS Waist Length- Military,"Wear on its own during colder workouts or layer it for effortless styling. Quick dry super powers, for when you work up a sweat.",in stock,new,98 USD,https://www.twinlion.co/airweight-lite-ls-waist-length-military.html,https://cdn.shoplightspeed.com/shops/651012/files/71423221/screenshot-2025-07-27-at-104953am.png,N/A,1,L,67698128
113809590,Airweight Lite LS Waist Length- Military,"Wear on its own during colder workouts or layer it for effortless styling. Quick dry super powers, for when you work up a sweat.",in stock,new,98 USD,https://www.twinlion.co/airweight-lite-ls-waist-length-military.html,https://cdn.shoplightspeed.com/shops/651012/files/71423221/screenshot-2025-07-27-at-104953am.png,N/A,1,S,67698128
113809584,Airweight Lite LS Waist Length- Military,"Wear on its own during colder workouts or layer it for effortless styling. Quick dry super powers, for when you work up a sweat.",in stock,new,98 USD,https://www.twinlion.co/airweight-lite-ls-waist-length-military.html,https://cdn.shoplightspeed.com/shops/651012/files/71423221/screenshot-2025-07-27-at-104953am.png,N/A,1,XS,67698128
113809562,Dual High Waist Airweight 7/8- Black/White,S59's classic high waist Airweight legging is elevated even further with a contrast color waistband. The ultra luxe fabric has butter soft feel and fits like a second skin.,in stock,new,128 USD,https://www.twinlion.co/dual-high-waist-airweight-7-8-black-white.html,https://cdn.shoplightspeed.com/shops/651012/files/71423205/screenshot-2025-07-27-at-104745am.png,N/A,1,XS,67698118
113809545,Amber Airweight Bralette- Black/White,Sophisticated crisp white trim provides a chic touch to this cropped scoop-neck. The super soft ultra luxe Airweight performance fabric gives you superior second skin comfort and freedom. ,in stock,new,88 USD,https://www.twinlion.co/amber-airweight-bralette-black-white.html,https://cdn.shoplightspeed.com/shops/651012/files/71423201/screenshot-2025-07-27-at-104340am.png,N/A,1,M,67698110
113809544,Amber Airweight Bralette- Black/White,Sophisticated crisp white trim provides a chic touch to this cropped scoop-neck. The super soft ultra luxe Airweight performance fabric gives you superior second skin comfort and freedom. ,in stock,new,88 USD,https://www.twinlion.co/amber-airweight-bralette-black-white.html,https://cdn.shoplightspeed.com/shops/651012/files/71423201/screenshot-2025-07-27-at-104340am.png,N/A,1,L,67698110
113809537,Margot Rigor Legging- Military/Blush,A bold stripe with piping from waist to ankle is the signature feature of the Margot Rigor Legging. Constructed with high performance Rigor fabric for maximum endurance.,in stock,new,138 USD,https://www.twinlion.co/margot-rigor-legging-military-blush.html,https://cdn.shoplightspeed.com/shops/651012/files/71423198/screenshot-2025-07-27-at-104002am.png,N/A,1,L,67698102
113809534,Margot Rigor Legging- Military/Blush,A bold stripe with piping from waist to ankle is the signature feature of the Margot Rigor Legging. Constructed with high performance Rigor fabric for maximum endurance.,in stock,new,138 USD,https://www.twinlion.co/margot-rigor-legging-military-blush.html,https://cdn.shoplightspeed.com/shops/651012/files/71423198/screenshot-2025-07-27-at-104002am.png,N/A,1,S,67698102
113809533,Margot Rigor Legging- Military/Blush,A bold stripe with piping from waist to ankle is the signature feature of the Margot Rigor Legging. Constructed with high performance Rigor fabric for maximum endurance.,in stock,new,138 USD,https://www.twinlion.co/margot-rigor-legging-military-blush.html,https://cdn.shoplightspeed.com/shops/651012/files/71423198/screenshot-2025-07-27-at-104002am.png,N/A,1,XS,67698102
